{"stats":{"minecraft:dropped":{"minecraft:iron_sword":1,"minecraft:orange_dye":1,"biomesoplenty:pink_daffodil":1,"minecraft:lapis_lazuli":72,"minecraft:oak_log":41,"minecraft:diamond":87,"minecraft:jungle_planks":1,"minecraft:flint":6,"minecraft:emerald":3,"minecraft:mutton":12,"minecraft:amethyst_shard":4,"create:goggles":1,"create:iron_sheet":1,"minecraft:sand":10,"minecraft:iron_pickaxe":1,"minecraft:bone":1,"minecraft:gold_ingot":23,"minecraft:gravel":8,"biomesoplenty:toadstool":6,"minecraft:stone_axe":1,"biomesoplenty:bramble":4,"minecraft:cobbled_deepslate":685,"minecraft:rotten_flesh":31,"minecraft:oak_planks":1,"minecraft:gunpowder":20,"biomesoplenty:wildflower":3,"minecraft:leather_boots":1,"minecraft:arrow":3,"minecraft:powered_rail":4,"biomesoplenty:mahogany_sapling":2,"create:andesite_alloy":1,"minecraft:iron_ingot":104,"biomesoplenty:mahogany_log":24,"minecraft:bread":492,"minecraft:oak_slab":5,"minecraft:wheat_seeds":8,"minecraft:dripstone_block":3,"minecraft:oak_fence":1,"minecraft:iron_helmet":1,"minecraft:cobblestone":1,"minecraft:granite":7,"minecraft:coal":685,"create:andesite_casing":11,"minecraft:gray_wool":1,"minecraft:diorite":2,"minecraft:torch":1,"minecraft:rose_bush":3,"minecraft:potion":3,"minecraft:iron_leggings":2,"smokeleafindustry:white_widow_bud":2,"minecraft:iron_axe":7,"minecraft:mud":2,"minecraft:iron_shovel":1,"create:raw_zinc":75,"minecraft:redstone":30,"minecraft:moss_carpet":3,"create:shaft":2,"minecraft:stone_sword":2,"minecraft:raw_copper":1666,"minecraft:raw_iron":18,"minecraft:chicken":2,"minecraft:iron_boots":2,"minecraft:spruce_planks":35,"minecraft:diamond_pickaxe":1,"minecraft:iron_chestplate":1,"minecraft:andesite":4,"minecraft:oak_sapling":24,"minecraft:spider_eye":2,"minecraft:bow":3,"minecraft:stone_pickaxe":10,"minecraft:wooden_pickaxe":1,"minecraft:black_wool":1,"create:golden_sheet":1},"minecraft:picked_up":{"minecraft:iron_chestplate":4,"biomesoplenty:burning_blossom":1,"minecraft:anvil":2,"smokeleafindustry:white_widow_bud":30,"minecraft:smithing_table":2,"minecraft:diamond_sword":4,"minecraft:potion":1,"minecraft:brewing_stand":1,"minecraft:amethyst_block":13,"minecraft:music_disc_cat":1,"minecraft:string":54,"minecraft:raw_copper":3358,"create:limestone":13,"minecraft:iron_leggings":6,"biomesoplenty:brimstone":1,"minecraft:diamond_leggings":3,"minecraft:gold_nugget":1,"create:mechanical_press":4,"minecraft:cobbled_deepslate":2712,"minecraft:bucket":2,"minecraft:spruce_planks":137,"minecraft:rose_bush":3,"minecraft:calcite":10,"minecraft:iron_pickaxe":5,"minecraft:hopper_minecart":1,"smokeleafindustry:white_widow_weed":4,"minecraft:melon_slice":153,"minecraft:coal_block":63,"minecraft:iron_boots":5,"minecraft:furnace":16,"biomesoplenty:rose_quartz_block":1,"minecraft:stick":209,"minecraft:composter":8,"minecraft:oak_fence":8,"minecraft:torch":116,"create:andesite_casing":78,"minecraft:porkchop":20,"minecraft:diorite":17,"minecraft:cauldron":4,"smokeleafindustry:grinder":1,"minecraft:stone_sword":2,"minecraft:rotten_flesh":89,"biomesoplenty:rose_quartz_chunk":2,"biomesoplenty:mahogany_sapling":2,"create:ochrum":6,"create:veridium":1,"minecraft:white_terracotta":1,"minecraft:obsidian":14,"psychadelic:copper_oxide":45,"minecraft:cobblestone":806,"minecraft:feather":12,"minecraft:cooked_beef":23,"minecraft:andesite":736,"minecraft:water_bucket":5,"minecraft:jungle_log":53,"minecraft:smoker":1,"minecraft:potato":1,"psychadelic:morning_glory_seeds":16,"minecraft:flint":17,"minecraft:tuff":242,"create:raw_zinc":449,"psychadelic:copper_i_ichloridepulver":19,"minecraft:lapis_lazuli":151,"minecraft:dirt":368,"minecraft:name_tag":2,"minecraft:bone":34,"psychadelic:sodium_chloride":193,"minecraft:bow":3,"minecraft:wheat_seeds":45,"minecraft:raw_gold":32,"minecraft:bell":2,"create:goggles":6,"create:shaft":15,"minecraft:fletching_table":2,"minecraft:diamond_helmet":4,"minecraft:powered_rail":4,"minecraft:oak_planks":376,"minecraft:stone_hoe":1,"smokeleafindustry:white_widow_seeds":22,"biomesoplenty:toadstool":6,"create:cogwheel":1,"minecraft:sand":42,"minecraft:jungle_planks":1,"minecraft:stripped_spruce_log":19,"minecraft:dark_oak_log":66,"minecraft:mossy_cobblestone":1,"biomesoplenty:hellbark_log":49,"create:crimsite":19,"minecraft:diamond":265,"minecraft:cracked_polished_blackstone_bricks":1,"minecraft:granite":51,"minecraft:bone_meal":17,"minecraft:golden_apple":6,"minecraft:emerald":8,"minecraft:bread":416,"biomesoplenty:pink_daffodil":1,"minecraft:oak_sapling":79,"minecraft:netherrack":241,"create:white_sail":12,"minecraft:diamond_pickaxe":10,"minecraft:charcoal":2,"biomesoplenty:redwood_log":13,"minecraft:cocoa_beans":28,"minecraft:mud":2,"minecraft:crafting_table":21,"minecraft:chicken":5,"minecraft:ladder":3,"biomesoplenty:flesh":21,"minecraft:wooden_pickaxe":1,"psychadelic:hawaiian_baby_woodrose_seeds":8,"minecraft:shield":7,"minecraft:moss_carpet":8,"minecraft:iron_axe":1,"minecraft:white_carpet":4,"minecraft:item_frame":1,"biomesoplenty:hellbark_sapling":5,"minecraft:iron_shovel":1,"travelersbackpack:pig":11,"minecraft:beef":54,"create:white_seat":2,"minecraft:jungle_sapling":3,"minecraft:lectern":202,"minecraft:minecart":21,"biomesoplenty:wildflower":55,"minecraft:chest":2,"minecraft:spruce_trapdoor":14,"minecraft:egg":8,"minecraft:dark_oak_sapling":9,"minecraft:raw_iron":296,"psychadelic:sodiumcarbonate":38,"minecraft:oak_door":4,"create:golden_sheet":6,"minecraft:copper_ingot":29,"minecraft:polished_blackstone_bricks":1,"create:windmill_bearing":2,"create:hand_crank":2,"minecraft:carrot":12,"minecraft:redstone":702,"create:zinc_ingot":41,"create:vertical_gearbox":3,"minecraft:dark_oak_planks":2,"psychadelic:rubber_tree_sapling":17,"biomesoplenty:redwood_planks":51,"minecraft:arrow":33,"minecraft:diamond_chestplate":4,"minecraft:pumpkin_pie":137,"minecraft:jungle_stairs":1,"minecraft:diamond_boots":4,"minecraft:hay_block":31,"minecraft:gold_ingot":18,"minecraft:mutton":94,"minecraft:white_wool":81,"minecraft:bone_block":9,"minecraft:rail":228,"create:iron_sheet":23,"minecraft:basalt":1,"minecraft:glow_ink_sac":2,"minecraft:leather":25,"minecraft:oak_log":210,"create:andesite_alloy":2,"minecraft:yellow_bed":15,"minecraft:gunpowder":59,"minecraft:paper":3,"minecraft:cooked_mutton":7,"psychadelic:manganesedioxide":16,"minecraft:apple":20,"psychadelic:latex":10,"minecraft:iron_ingot":146,"minecraft:stone_pickaxe":3,"minecraft:iron_sword":4,"psychadelic:sulfur":9,"minecraft:book":12,"minecraft:oak_slab":9,"minecraft:smooth_basalt":3,"create:large_water_wheel":1,"psychadelic:salvialeaf":4,"minecraft:quartz":138,"minecraft:dripstone_block":24,"minecraft:gravel":58,"minecraft:amethyst_shard":8,"biomesoplenty:porous_flesh":2,"minecraft:spruce_sapling":183,"minecraft:blast_furnace":9,"minecraft:white_bed":18,"minecraft:spruce_log":1562,"psychadelic:coppercarbonate":35,"minecraft:spider_eye":13,"biomesoplenty:mahogany_log":24,"minecraft:diamond_shovel":5,"biomesoplenty:bramble":12,"minecraft:stone_axe":5,"smokeleafindustry:hemp_leaf":23,"create:encased_fan":8,"minecraft:iron_helmet":4,"minecraft:diamond_axe":9,"minecraft:gray_wool":3,"minecraft:black_wool":2,"minecraft:coal":1390,"minecraft:hopper":4,"minecraft:ender_pearl":3},"minecraft:mined":{"minecraft:dark_oak_planks":3,"create:deepslate_zinc_ore":57,"minecraft:spruce_planks":106,"minecraft:white_bed":20,"minecraft:jungle_slab":1,"create:andesite_casing":49,"biomesoplenty:brimstone":1,"minecraft:brewing_stand":1,"minecraft:obsidian":16,"minecraft:spruce_trapdoor":14,"biomesoplenty:burning_blossom":1,"minecraft:granite":33,"minecraft:budding_amethyst":2,"biomesoplenty:bramble":9,"smokeleafindustry:white_widow_crop":18,"minecraft:grass_block":230,"psychadelic:hawaiianbabywoodroseplant":4,"biomesoplenty:rose_quartz_block":1,"minecraft:jungle_log":56,"minecraft:cracked_polished_blackstone_bricks":1,"biomesoplenty:eyebulb":1,"minecraft:composter":8,"minecraft:hopper":4,"minecraft:spawner":4,"biomesoplenty:blackstone_bulb":1,"biomesoplenty:bramble_leaves":1,"minecraft:polished_blackstone_bricks":1,"minecraft:tall_seagrass":5,"minecraft:iron_ore":187,"minecraft:fire":3,"minecraft:cobbled_deepslate":69,"minecraft:anvil":2,"minecraft:deepslate_lapis_ore":8,"minecraft:fletching_table":2,"biomesoplenty:hellbark_log":50,"minecraft:dark_oak_stairs":2,"biomesoplenty:webbing":6,"minecraft:water_cauldron":4,"biomesoplenty:redwood_log":14,"minecraft:dirt_path":14,"create:veridium":1,"create:mechanical_press":3,"create:limestone":12,"minecraft:deepslate_redstone_ore":70,"create:cogwheel":1,"psychadelic:rubber_tree_log":12,"psychadelic:coppercarbonateore":33,"biomesoplenty:glowing_moss_carpet":1,"minecraft:smoker":1,"biomesoplenty:wildflower":30,"biomesoplenty:brimstone_fumarole":1,"biomesoplenty:hanging_cobweb_strand":2,"minecraft:torch":3,"minecraft:jungle_stairs":3,"minecraft:blast_furnace":8,"minecraft:calcite":11,"minecraft:melon":15,"minecraft:chest":2,"create:scoria":1,"minecraft:mushroom_stem":2,"minecraft:glass":3,"minecraft:nether_quartz_ore":34,"minecraft:cobblestone":42,"minecraft:oak_planks":92,"minecraft:wall_torch":17,"minecraft:amethyst_block":13,"create:large_water_wheel":1,"minecraft:seagrass":3,"minecraft:white_terracotta":1,"psychadelic:sulfurore":10,"minecraft:mud":2,"biomesoplenty:glowworm_silk_strand":1,"biomesoplenty:hair":2,"minecraft:grass":248,"minecraft:oak_log":123,"create:hand_crank":1,"minecraft:sand":42,"minecraft:dirt":57,"minecraft:smooth_basalt":3,"minecraft:netherrack":352,"create:crimsite":18,"minecraft:oak_leaves":72,"minecraft:deepslate":1635,"create:zinc_ore":95,"minecraft:tuff":156,"minecraft:mossy_cobblestone":1,"minecraft:deepslate_diamond_ore":65,"minecraft:oak_door":4,"biomesoplenty:desert_grass":44,"minecraft:dark_oak_log":71,"psychadelic:copper_oxide_ore":40,"minecraft:glow_lichen":1,"minecraft:ladder":3,"biomesoplenty:bush":2,"psychadelic:copper_i_ichloride":16,"minecraft:jungle_planks":7,"create:ochrum":7,"psychadelic:oil":4,"create:encased_fan":4,"minecraft:spruce_leaves":8,"minecraft:sandstone":1,"minecraft:hay_block":31,"create:shaft":4,"minecraft:redstone_ore":3,"minecraft:spruce_sapling":1,"minecraft:furnace":12,"biomesoplenty:toadstool":4,"psychadelic:manganesedioxideore":13,"create:white_sail":10,"minecraft:andesite":727,"minecraft:stripped_spruce_log":19,"create:windmill_bearing":2,"biomesoplenty:flesh":15,"minecraft:peony":1,"minecraft:bell":2,"minecraft:bookshelf":4,"biomesoplenty:high_grass":14,"minecraft:deepslate_iron_ore":17,"minecraft:vine":3,"minecraft:rail":182,"minecraft:stone":488,"biomesoplenty:spider_egg":1,"biomesoplenty:rose_quartz_cluster":1,"minecraft:bone_block":9,"minecraft:white_wool":13,"minecraft:podzol":6,"minecraft:smithing_table":2,"biomesoplenty:porous_flesh":2,"minecraft:oak_slab":2,"create:white_seat":1,"biomesoplenty:redwood_planks":2,"minecraft:hanging_roots":1,"minecraft:basalt":1,"minecraft:oak_fence":2,"minecraft:crafting_table":17,"psychadelic:salviaplant":1,"psychadelic:rubbertreeleafes":123,"minecraft:rose_bush":4,"minecraft:campfire":1,"minecraft:lectern":202,"biomesoplenty:high_grass_plant":13,"minecraft:copper_ore":116,"minecraft:tall_grass":15,"minecraft:deepslate_coal_ore":8,"minecraft:lapis_ore":1,"biomesoplenty:sprout":2,"minecraft:deepslate_gold_ore":14,"minecraft:sculk":4,"minecraft:diorite":9,"psychadelic:morning_glory_plant":16,"create:gearbox":2,"psychadelic:sodium_chlorideore":168,"biomesoplenty:mahogany_log":26,"biomesoplenty:pink_daffodil":1,"travelersbackpack:pig":8,"minecraft:white_carpet":2,"minecraft:spruce_log":1600,"minecraft:yellow_bed":16,"minecraft:coal_ore":289,"psychadelic:sodiumcarbonateore":38,"minecraft:cocoa":1,"minecraft:gravel":55,"minecraft:dripstone_block":22,"minecraft:cobweb":1,"biomesoplenty:stringy_cobweb":1,"biomesoplenty:redwood_wood":1,"minecraft:fern":14},"minecraft:killed":{"minecraft:cave_spider":11,"minecraft:zombified_piglin":1,"minecraft:spider":11,"minecraft:skeleton":23,"minecraft:chicken":3,"minecraft:pig":6,"minecraft:iron_golem":1,"minecraft:creeper":13,"minecraft:sheep":39,"minecraft:zombie":62,"minecraft:ghast":1,"minecraft:cow":28,"minecraft:frog":1,"minecraft:villager":5,"minecraft:enderman":5},"minecraft:broken":{"minecraft:stone_axe":1,"minecraft:iron_sword":1,"minecraft:shield":2,"minecraft:iron_axe":3,"minecraft:iron_pickaxe":1},"minecraft:used":{"minecraft:iron_shovel":160,"minecraft:shield":84,"minecraft:chest":18,"minecraft:white_terracotta":1,"minecraft:iron_sword":232,"biomesoplenty:bramble":8,"minecraft:bell":2,"minecraft:mutton":1,"create:white_sail":121,"create:cogwheel":13,"travelersbackpack:pig":6,"minecraft:carrot":24,"minecraft:tuff":82,"minecraft:obsidian":10,"minecraft:stripped_spruce_log":19,"minecraft:glass":21,"minecraft:iron_helmet":1,"minecraft:hopper_minecart":1,"minecraft:item_frame":8,"create:shaft":8,"minecraft:oak_sapling":1,"minecraft:furnace":13,"minecraft:egg":4,"biomesoplenty:flesh":21,"minecraft:diorite":3,"minecraft:diamond_boots":1,"minecraft:oak_planks":103,"minecraft:stone_pickaxe":193,"minecraft:wooden_pickaxe":14,"minecraft:composter":8,"minecraft:diamond_axe":1818,"minecraft:cookie":90,"minecraft:golden_apple":2,"minecraft:white_wool":13,"minecraft:sand":6,"minecraft:blast_furnace":9,"psychadelic:rubber_tree_sapling":3,"minecraft:dark_oak_log":24,"minecraft:melon_slice":40,"minecraft:bread":75,"minecraft:lectern":206,"minecraft:oak_pressure_plate":1,"create:andesite_casing":47,"minecraft:gravel":9,"create:white_seat":2,"minecraft:diamond_sword":120,"minecraft:smithing_table":3,"minecraft:andesite":65,"minecraft:oak_fence":2,"create:large_cogwheel":7,"create:vertical_gearbox":5,"minecraft:bone_meal":89,"psychadelic:magic_mushroom":3,"minecraft:oak_trapdoor":4,"biomesoplenty:brimstone":1,"create:limestone":4,"minecraft:stone_sword":81,"smokeleafindustry:white_widow_seeds":22,"minecraft:flint_and_steel":1,"biomesoplenty:redwood_planks":5,"minecraft:spruce_planks":244,"minecraft:oak_door":3,"minecraft:stone_hoe":52,"minecraft:netherrack":224,"minecraft:torch":246,"minecraft:dirt":334,"minecraft:anvil":3,"minecraft:white_carpet":6,"minecraft:wheat":25,"minecraft:hopper":6,"minecraft:diamond_helmet":2,"minecraft:granite":8,"minecraft:iron_hoe":5,"minecraft:dark_oak_planks":2,"create:wrench":161,"minecraft:iron_axe":769,"minecraft:iron_boots":1,"minecraft:smooth_basalt":2,"biomesoplenty:blood_bucket":26,"minecraft:minecart":21,"minecraft:cooked_beef":36,"minecraft:cobbled_deepslate":678,"minecraft:calcite":3,"minecraft:cooked_mutton":28,"minecraft:wheat_seeds":25,"minecraft:water_bucket":55,"minecraft:glass_bottle":3,"minecraft:fletching_table":4,"minecraft:rail":177,"create:encased_fan":4,"minecraft:crafting_table":21,"minecraft:oak_slab":6,"minecraft:white_bed":17,"minecraft:campfire":1,"biomesoplenty:wildflower":7,"minecraft:spruce_log":95,"minecraft:smoker":1,"minecraft:diamond_pickaxe":4540,"minecraft:apple":5,"minecraft:diamond_shovel":195,"create:mechanical_press":5,"create:windmill_bearing":5,"minecraft:cracked_polished_blackstone_bricks":1,"minecraft:iron_pickaxe":561,"minecraft:spruce_trapdoor":26,"minecraft:spruce_sapling":77,"create:large_water_wheel":1,"minecraft:stone_axe":304,"minecraft:cobblestone":264,"minecraft:cooked_porkchop":7,"minecraft:bucket":82,"minecraft:pumpkin_pie":52,"minecraft:yellow_bed":11,"create:hand_crank":3,"smokeleafindustry:weed_cookie":4},"minecraft:custom":{"minecraft:interact_with_crafting_table":151,"minecraft:bell_ring":138,"minecraft:leave_game":19,"minecraft:time_since_death":4569,"minecraft:sprint_one_cm":2161815,"minecraft:damage_blocked_by_shield":6098,"minecraft:drop":209,"minecraft:talked_to_villager":474,"minecraft:play_time":913908,"minecraft:deaths":12,"minecraft:jump":13768,"minecraft:walk_on_water_one_cm":56373,"minecraft:interact_with_furnace":91,"minecraft:traded_with_villager":480,"minecraft:sleep_in_bed":36,"minecraft:damage_dealt":34387,"minecraft:crouch_one_cm":114131,"minecraft:interact_with_smoker":7,"minecraft:interact_with_anvil":8,"minecraft:mob_kills":211,"minecraft:inspect_hopper":10,"minecraft:interact_with_campfire":4,"minecraft:climb_one_cm":6786,"minecraft:walk_one_cm":1624843,"minecraft:sneak_time":37205,"minecraft:walk_under_water_one_cm":33302,"minecraft:interact_with_blast_furnace":75,"minecraft:total_world_time":913908,"minecraft:time_since_rest":4600,"minecraft:damage_taken":13655,"minecraft:damage_absorbed":80,"minecraft:minecart_one_cm":95,"minecraft:swim_one_cm":83184,"minecraft:fly_one_cm":3044306,"minecraft:open_chest":733,"minecraft:fall_one_cm":406528},"minecraft:crafted":{"minecraft:smooth_stone":3,"minecraft:oak_planks":252,"smokeleafindustry:grinder":1,"minecraft:oak_pressure_plate":1,"minecraft:stone":3,"minecraft:diamond_shovel":5,"minecraft:bookshelf":6,"minecraft:cooked_mutton":26,"smokeleafindustry:weed_cookie":8,"minecraft:iron_bars":16,"create:vertical_gearbox":1,"minecraft:glass":26,"minecraft:hopper":3,"minecraft:diamond_helmet":1,"minecraft:diamond_leggings":2,"minecraft:iron_boots":1,"minecraft:raw_copper":9,"create:mechanical_press":1,"biomesoplenty:hellbark_planks":16,"minecraft:chest":19,"minecraft:rail":64,"minecraft:stone_hoe":1,"create:cogwheel":9,"minecraft:smoker":1,"minecraft:glass_bottle":3,"minecraft:oak_slab":18,"minecraft:item_frame":7,"minecraft:emerald":359,"psychadelic:pestleandmortar":1,"minecraft:cooked_porkchop":7,"minecraft:diamond_axe":2,"minecraft:crafting_table":9,"minecraft:spruce_planks":5724,"minecraft:wooden_pickaxe":3,"minecraft:iron_helmet":1,"minecraft:smithing_table":1,"minecraft:fletching_table":2,"minecraft:hopper_minecart":1,"minecraft:campfire":1,"create:encased_fan":4,"minecraft:apple":4,"minecraft:spruce_trapdoor":18,"minecraft:lectern":5,"minecraft:dark_oak_slab":126,"minecraft:book":1,"minecraft:iron_chestplate":1,"create:water_wheel":1,"minecraft:diamond_pickaxe":3,"minecraft:shield":3,"minecraft:stick":11064,"create:white_seat":1,"minecraft:iron_ingot":257,"minecraft:iron_pickaxe":5,"minecraft:iron_block":4,"minecraft:stone_sword":2,"minecraft:gold_ingot":20,"create:large_cogwheel":4,"create:propeller":4,"minecraft:oak_door":3,"minecraft:cookie":90,"create:wrench":1,"minecraft:iron_nugget":262,"create:white_sail":36,"minecraft:furnace":7,"minecraft:blast_furnace":1,"minecraft:bone_meal":156,"minecraft:white_carpet":6,"biomesoplenty:hellbark_boat":1,"minecraft:raw_copper_block":1,"minecraft:oak_trapdoor":4,"minecraft:flint_and_steel":1,"minecraft:iron_axe":10,"minecraft:spruce_slab":12,"minecraft:iron_hoe":1,"minecraft:stone_pickaxe":14,"minecraft:diamond_boots":1,"minecraft:dark_oak_planks":168,"create:windmill_bearing":1,"minecraft:minecart":1,"minecraft:wheat":279,"minecraft:cooked_beef":40,"minecraft:coal_block":32,"psychadelic:chemistrybook":1,"create:andesite_alloy":144,"create:hand_crank":2,"minecraft:diamond_sword":1,"biomesoplenty:redwood_planks":52,"minecraft:iron_sword":1,"minecraft:bowl":4,"create:goggles":1,"create:large_water_wheel":1,"minecraft:bucket":2,"minecraft:stone_axe":3,"minecraft:enchanted_book":4,"minecraft:orange_dye":1,"minecraft:bread":433,"minecraft:air":0,"minecraft:jungle_planks":92,"minecraft:white_wool":1,"psychadelic:hawaiianbabywoodrosedust":4,"minecraft:iron_shovel":1,"minecraft:iron_leggings":1,"minecraft:anvil":1,"minecraft:white_bed":2,"create:shaft":24,"minecraft:pumpkin_pie":96,"minecraft:torch":208,"create:zinc_ingot":74,"minecraft:diamond_chestplate":1},"minecraft:killed_by":{"minecraft:zombie_villager":1,"minecraft:creeper":3,"minecraft:zombie":1,"minecraft:enderman":1,"minecraft:iron_golem":2,"minecraft:skeleton":3}},"DataVersion":3465}