{"stats":{"minecraft:dropped":{"minecraft:wheat_seeds":1},"minecraft:mined":{"minecraft:tall_grass":6,"minecraft:oak_leaves":17},"minecraft:picked_up":{"minecraft:oak_sapling":1,"minecraft:wheat_seeds":1},"minecraft:custom":{"minecraft:jump":162,"minecraft:time_since_rest":5371,"minecraft:sprint_one_cm":22067,"minecraft:leave_game":1,"minecraft:play_time":5371,"minecraft:damage_taken":110,"minecraft:time_since_death":5371,"minecraft:walk_one_cm":3578,"minecraft:total_world_time":5371,"minecraft:drop":1,"minecraft:fall_one_cm":7308,"minecraft:fly_one_cm":40388}},"DataVersion":3955}