{"stats":{"minecraft:picked_up":{"minecraft:cocoa_beans":13,"minecraft:crafting_table":3,"minecraft:chicken":1,"minecraft:andesite":1,"minecraft:jungle_log":21,"minecraft:leather":7,"psychadelic:morning_glory_seeds":16,"minecraft:oak_log":59,"minecraft:dirt":8,"minecraft:moss_carpet":2,"minecraft:raw_copper":20,"minecraft:apple":1,"minecraft:wheat_seeds":1,"minecraft:beef":20,"minecraft:rose_bush":3,"minecraft:jungle_sapling":2,"minecraft:melon_slice":18,"minecraft:furnace":1,"biomesoplenty:toadstool":6,"minecraft:stick":14,"minecraft:raw_iron":6,"minecraft:porkchop":1,"minecraft:white_bed":1,"minecraft:granite":3,"minecraft:gray_wool":1,"create:veridium":1,"minecraft:oak_sapling":29,"minecraft:mutton":8,"minecraft:coal":18,"minecraft:white_wool":4,"minecraft:cobblestone":17},"minecraft:dropped":{"biomesoplenty:toadstool":6,"minecraft:rose_bush":3},"minecraft:mined":{"minecraft:white_bed":1,"minecraft:crafting_table":3,"minecraft:granite":3,"minecraft:grass_block":5,"minecraft:melon":5,"minecraft:jungle_log":21,"minecraft:rose_bush":4,"minecraft:copper_ore":6,"psychadelic:morning_glory_plant":16,"minecraft:seagrass":2,"minecraft:tall_seagrass":4,"minecraft:furnace":1,"biomesoplenty:toadstool":4,"minecraft:iron_ore":6,"minecraft:andesite":1,"minecraft:grass":8,"minecraft:oak_log":59,"minecraft:coal_ore":18,"minecraft:vine":1,"minecraft:dirt":3,"minecraft:stone":17,"create:veridium":1,"minecraft:oak_leaves":6,"minecraft:fern":8},"minecraft:killed":{"minecraft:pig":1,"minecraft:sheep":5,"minecraft:chicken":1,"minecraft:cow":8},"minecraft:used":{"minecraft:stone_pickaxe":36,"minecraft:wooden_pickaxe":8,"minecraft:torch":5,"minecraft:dirt":5,"minecraft:crafting_table":3,"minecraft:white_bed":1,"minecraft:apple":1,"minecraft:melon_slice":5,"minecraft:iron_pickaxe":30,"minecraft:stone_axe":102,"minecraft:furnace":1,"minecraft:cooked_beef":2},"minecraft:custom":{"minecraft:interact_with_furnace":6,"minecraft:mob_kills":15,"minecraft:interact_with_crafting_table":7,"minecraft:leave_game":2,"minecraft:time_since_death":3339,"minecraft:sleep_in_bed":2,"minecraft:climb_one_cm":1526,"minecraft:time_since_rest":3379,"minecraft:sprint_one_cm":79109,"minecraft:damage_taken":455,"minecraft:walk_one_cm":64175,"minecraft:drop":3,"minecraft:damage_dealt":1520,"minecraft:swim_one_cm":6239,"minecraft:fly_one_cm":129607,"minecraft:crouch_one_cm":545,"minecraft:play_time":22573,"minecraft:deaths":1,"minecraft:sneak_time":207,"minecraft:walk_under_water_one_cm":222,"minecraft:jump":546,"minecraft:walk_on_water_one_cm":509,"minecraft:total_world_time":22573,"minecraft:fall_one_cm":13867},"minecraft:crafted":{"minecraft:cooked_beef":10,"minecraft:oak_planks":32,"minecraft:crafting_table":1,"minecraft:wooden_pickaxe":1,"minecraft:furnace":1,"minecraft:stone_axe":1,"minecraft:air":0,"minecraft:stick":4,"minecraft:iron_ingot":3,"minecraft:iron_pickaxe":1,"minecraft:stone_pickaxe":1,"minecraft:white_bed":1,"minecraft:torch":20},"minecraft:killed_by":{"minecraft:skeleton":1}},"DataVersion":3465}