{"stats":{"minecraft:dropped":{"biomesoplenty:mahogany_log":24,"minecraft:oak_slab":5,"minecraft:wheat_seeds":4,"biomesoplenty:pink_daffodil":1,"minecraft:oak_log":41,"minecraft:jungle_planks":1,"minecraft:gray_wool":1,"minecraft:diorite":1,"minecraft:mutton":12,"minecraft:rose_bush":3,"minecraft:potion":3,"minecraft:iron_leggings":1,"minecraft:sand":10,"minecraft:mud":2,"minecraft:iron_pickaxe":1,"minecraft:bone":1,"minecraft:gravel":7,"biomesoplenty:toadstool":6,"minecraft:stone_axe":1,"minecraft:moss_carpet":3,"minecraft:stone_sword":2,"minecraft:cobbled_deepslate":7,"minecraft:chicken":2,"minecraft:rotten_flesh":10,"minecraft:iron_boots":1,"minecraft:oak_sapling":20,"minecraft:spider_eye":2,"minecraft:bow":3,"minecraft:arrow":3,"biomesoplenty:mahogany_sapling":2,"minecraft:wooden_pickaxe":1,"minecraft:black_wool":1},"minecraft:picked_up":{"biomesoplenty:redwood_log":13,"minecraft:mud":2,"minecraft:cocoa_beans":21,"minecraft:crafting_table":14,"minecraft:chicken":5,"minecraft:wooden_pickaxe":1,"minecraft:potion":1,"psychadelic:hawaiian_baby_woodrose_seeds":8,"minecraft:string":12,"minecraft:moss_carpet":8,"minecraft:raw_copper":20,"create:limestone":4,"minecraft:iron_leggings":1,"travelersbackpack:pig":1,"minecraft:cobbled_deepslate":28,"minecraft:beef":20,"minecraft:rose_bush":3,"create:white_seat":2,"minecraft:jungle_sapling":2,"minecraft:iron_pickaxe":1,"minecraft:melon_slice":120,"minecraft:furnace":9,"minecraft:iron_boots":1,"minecraft:egg":8,"minecraft:raw_iron":97,"minecraft:stick":45,"psychadelic:sodiumcarbonate":35,"minecraft:oak_door":3,"minecraft:porkchop":15,"minecraft:diorite":1,"biomesoplenty:redwood_planks":2,"minecraft:stone_sword":2,"minecraft:arrow":7,"minecraft:rotten_flesh":18,"minecraft:jungle_stairs":1,"biomesoplenty:mahogany_sapling":2,"create:veridium":1,"minecraft:mutton":71,"psychadelic:copper_oxide":20,"minecraft:white_wool":41,"minecraft:cobblestone":236,"minecraft:feather":8,"minecraft:jungle_log":33,"minecraft:andesite":2,"minecraft:leather":7,"psychadelic:morning_glory_seeds":16,"minecraft:oak_log":200,"psychadelic:copper_i_ichloridepulver":5,"minecraft:gunpowder":2,"minecraft:lapis_lazuli":37,"minecraft:dirt":36,"minecraft:cooked_mutton":7,"psychadelic:manganesedioxide":4,"minecraft:bone":4,"psychadelic:sodium_chloride":127,"minecraft:apple":7,"minecraft:bow":3,"minecraft:wheat_seeds":8,"minecraft:stone_pickaxe":3,"minecraft:oak_planks":6,"psychadelic:sulfur":5,"biomesoplenty:toadstool":6,"minecraft:oak_slab":5,"psychadelic:salvialeaf":4,"minecraft:gravel":12,"minecraft:sand":19,"minecraft:jungle_planks":1,"minecraft:white_bed":10,"psychadelic:coppercarbonate":19,"minecraft:spider_eye":5,"biomesoplenty:mahogany_log":24,"minecraft:diamond":1,"minecraft:stone_axe":4,"minecraft:granite":6,"minecraft:gray_wool":3,"biomesoplenty:pink_daffodil":1,"minecraft:oak_sapling":70,"minecraft:black_wool":2,"minecraft:coal":66},"minecraft:mined":{"minecraft:dark_oak_planks":1,"minecraft:spruce_planks":4,"minecraft:white_bed":10,"minecraft:deepslate_diamond_ore":1,"minecraft:oak_door":3,"minecraft:jungle_slab":1,"psychadelic:copper_oxide_ore":20,"minecraft:glow_lichen":1,"minecraft:granite":6,"psychadelic:copper_i_ichloride":5,"minecraft:grass_block":9,"psychadelic:hawaiianbabywoodroseplant":4,"minecraft:jungle_planks":7,"minecraft:jungle_log":34,"create:ochrum":1,"psychadelic:oil":3,"minecraft:sandstone":1,"minecraft:tall_seagrass":4,"minecraft:furnace":8,"biomesoplenty:toadstool":4,"psychadelic:manganesedioxideore":4,"minecraft:iron_ore":96,"minecraft:cobbled_deepslate":1,"minecraft:andesite":2,"minecraft:deepslate_lapis_ore":5,"minecraft:dark_oak_stairs":2,"biomesoplenty:redwood_log":14,"minecraft:deepslate_iron_ore":1,"biomesoplenty:high_grass":14,"minecraft:vine":3,"biomesoplenty:webbing":6,"biomesoplenty:spider_egg":1,"minecraft:stone":207,"create:veridium":1,"minecraft:white_wool":11,"create:limestone":5,"create:white_seat":1,"biomesoplenty:redwood_planks":2,"minecraft:hanging_roots":1,"biomesoplenty:glowing_moss_carpet":1,"psychadelic:coppercarbonateore":19,"biomesoplenty:hanging_cobweb_strand":2,"minecraft:crafting_table":11,"minecraft:jungle_stairs":3,"minecraft:calcite":1,"minecraft:melon":15,"psychadelic:salviaplant":1,"minecraft:rose_bush":4,"minecraft:mushroom_stem":2,"biomesoplenty:high_grass_plant":13,"minecraft:cobblestone":16,"minecraft:copper_ore":6,"minecraft:tall_grass":3,"biomesoplenty:sprout":1,"minecraft:lapis_ore":1,"minecraft:diorite":1,"psychadelic:morning_glory_plant":16,"minecraft:seagrass":2,"psychadelic:sulfurore":6,"biomesoplenty:glowworm_silk_strand":1,"minecraft:mud":2,"psychadelic:sodium_chlorideore":128,"biomesoplenty:mahogany_log":26,"biomesoplenty:pink_daffodil":1,"minecraft:grass":23,"minecraft:coal_ore":47,"minecraft:oak_log":113,"psychadelic:sodiumcarbonateore":35,"minecraft:dripstone_block":1,"minecraft:gravel":5,"minecraft:dirt":26,"minecraft:sand":19,"biomesoplenty:stringy_cobweb":1,"biomesoplenty:redwood_wood":1,"minecraft:deepslate":29,"minecraft:oak_leaves":14,"minecraft:fern":14},"minecraft:killed":{"minecraft:cave_spider":1,"minecraft:spider":3,"minecraft:skeleton":5,"minecraft:chicken":3,"minecraft:pig":3,"minecraft:frog":1,"minecraft:creeper":1,"minecraft:sheep":22,"minecraft:zombie":16,"minecraft:cow":8},"minecraft:broken":{"minecraft:iron_pickaxe":1},"minecraft:used":{"minecraft:stone_sword":81,"biomesoplenty:redwood_planks":5,"minecraft:shield":32,"minecraft:iron_sword":73,"minecraft:oak_door":3,"minecraft:torch":5,"minecraft:dirt":29,"travelersbackpack:pig":4,"minecraft:carrot":1,"minecraft:granite":3,"minecraft:furnace":8,"minecraft:egg":4,"minecraft:cooked_beef":2,"minecraft:cobbled_deepslate":9,"minecraft:cooked_mutton":24,"minecraft:water_bucket":7,"minecraft:glass_bottle":3,"minecraft:stone_pickaxe":193,"minecraft:wooden_pickaxe":14,"minecraft:white_wool":11,"minecraft:sand":6,"minecraft:crafting_table":12,"minecraft:white_bed":10,"minecraft:apple":5,"minecraft:melon_slice":39,"minecraft:iron_pickaxe":533,"minecraft:oak_pressure_plate":1,"minecraft:gravel":5,"create:white_seat":2,"minecraft:stone_axe":270,"minecraft:cobblestone":159,"minecraft:cooked_porkchop":7,"minecraft:andesite":1,"minecraft:bucket":8},"minecraft:custom":{"minecraft:mob_kills":63,"minecraft:interact_with_crafting_table":31,"minecraft:leave_game":2,"minecraft:time_since_death":106201,"minecraft:climb_one_cm":2769,"minecraft:sprint_one_cm":444623,"minecraft:walk_one_cm":251667,"minecraft:damage_blocked_by_shield":2340,"minecraft:drop":43,"minecraft:play_time":184573,"minecraft:deaths":3,"minecraft:sneak_time":5872,"minecraft:walk_under_water_one_cm":16183,"minecraft:jump":3545,"minecraft:walk_on_water_one_cm":9714,"minecraft:total_world_time":184573,"minecraft:interact_with_furnace":62,"minecraft:sleep_in_bed":8,"minecraft:time_since_rest":8120,"minecraft:damage_taken":3274,"minecraft:damage_dealt":8189,"minecraft:swim_one_cm":45933,"minecraft:fly_one_cm":803604,"minecraft:open_chest":2,"minecraft:crouch_one_cm":11482,"minecraft:fall_one_cm":112029},"minecraft:crafted":{"minecraft:oak_door":3,"minecraft:oak_planks":80,"minecraft:oak_pressure_plate":1,"minecraft:furnace":3,"minecraft:cooked_mutton":26,"minecraft:glass":3,"minecraft:iron_boots":1,"minecraft:stone_pickaxe":4,"minecraft:cooked_beef":10,"minecraft:glass_bottle":3,"minecraft:oak_slab":6,"minecraft:cooked_porkchop":7,"minecraft:crafting_table":3,"biomesoplenty:redwood_planks":52,"minecraft:wooden_pickaxe":3,"minecraft:iron_helmet":1,"minecraft:iron_sword":1,"minecraft:bucket":1,"minecraft:stone_axe":3,"minecraft:air":0,"minecraft:jungle_planks":12,"minecraft:white_wool":1,"minecraft:iron_chestplate":1,"minecraft:shield":1,"minecraft:stick":20,"create:white_seat":1,"minecraft:iron_ingot":37,"minecraft:iron_pickaxe":4,"minecraft:stone_sword":2,"minecraft:iron_leggings":1,"minecraft:white_bed":2,"minecraft:torch":20},"minecraft:killed_by":{"minecraft:enderman":1,"minecraft:skeleton":2}},"DataVersion":3465}