{"stats":{"minecraft:picked_up":{"minecraft:cocoa_beans":21,"minecraft:crafting_table":11,"minecraft:feather":8,"minecraft:chicken":5,"minecraft:andesite":1,"minecraft:jungle_log":33,"minecraft:leather":7,"minecraft:wooden_pickaxe":1,"minecraft:potion":1,"psychadelic:morning_glory_seeds":16,"psychadelic:hawaiian_baby_woodrose_seeds":8,"minecraft:oak_log":200,"minecraft:string":10,"minecraft:dirt":28,"minecraft:moss_carpet":8,"minecraft:raw_copper":20,"minecraft:iron_leggings":1,"minecraft:bone":1,"minecraft:cooked_mutton":6,"minecraft:apple":7,"minecraft:wheat_seeds":8,"minecraft:beef":20,"minecraft:stone_pickaxe":3,"create:white_seat":2,"minecraft:rose_bush":3,"minecraft:jungle_sapling":2,"minecraft:iron_pickaxe":1,"minecraft:melon_slice":87,"minecraft:iron_boots":1,"minecraft:oak_planks":3,"minecraft:egg":7,"minecraft:furnace":4,"biomesoplenty:toadstool":6,"minecraft:oak_slab":5,"minecraft:stick":45,"minecraft:raw_iron":40,"psychadelic:salvialeaf":4,"minecraft:jungle_planks":1,"minecraft:sand":3,"minecraft:porkchop":15,"minecraft:white_bed":3,"minecraft:spider_eye":5,"minecraft:stone_sword":1,"minecraft:arrow":1,"minecraft:rotten_flesh":10,"minecraft:stone_axe":3,"minecraft:granite":3,"minecraft:gray_wool":3,"create:veridium":1,"biomesoplenty:pink_daffodil":1,"minecraft:oak_sapling":69,"minecraft:black_wool":2,"minecraft:mutton":53,"minecraft:coal":61,"minecraft:white_wool":41,"minecraft:cobblestone":91},"minecraft:dropped":{"biomesoplenty:toadstool":6,"minecraft:stone_axe":1,"minecraft:wheat_seeds":1,"biomesoplenty:pink_daffodil":1,"minecraft:stone_sword":1,"minecraft:oak_log":41,"minecraft:rotten_flesh":2,"minecraft:iron_boots":1,"minecraft:jungle_planks":1,"minecraft:rose_bush":3,"minecraft:iron_leggings":1,"minecraft:potion":2,"minecraft:wooden_pickaxe":1,"minecraft:iron_pickaxe":1},"minecraft:mined":{"create:white_seat":1,"minecraft:white_bed":3,"minecraft:hanging_roots":1,"minecraft:crafting_table":8,"minecraft:granite":3,"minecraft:grass_block":8,"psychadelic:hawaiianbabywoodroseplant":4,"minecraft:melon":9,"psychadelic:salviaplant":1,"minecraft:jungle_log":34,"minecraft:rose_bush":4,"biomesoplenty:high_grass_plant":13,"minecraft:tall_grass":3,"minecraft:copper_ore":6,"biomesoplenty:sprout":1,"psychadelic:morning_glory_plant":16,"minecraft:seagrass":2,"minecraft:tall_seagrass":4,"minecraft:furnace":3,"biomesoplenty:toadstool":4,"minecraft:iron_ore":40,"biomesoplenty:pink_daffodil":1,"minecraft:andesite":1,"minecraft:grass":21,"minecraft:oak_log":113,"minecraft:coal_ore":42,"biomesoplenty:high_grass":14,"minecraft:vine":3,"minecraft:sand":3,"minecraft:dirt":19,"minecraft:stone":74,"create:veridium":1,"minecraft:white_wool":11,"minecraft:oak_leaves":12,"minecraft:fern":11},"minecraft:killed":{"minecraft:pig":3,"minecraft:spider":3,"minecraft:skeleton":1,"minecraft:sheep":22,"minecraft:zombie":6,"minecraft:chicken":3,"minecraft:cow":8},"minecraft:used":{"minecraft:cooked_mutton":13,"minecraft:stone_sword":81,"minecraft:glass_bottle":3,"minecraft:stone_pickaxe":193,"minecraft:wooden_pickaxe":14,"minecraft:white_wool":11,"minecraft:torch":5,"minecraft:dirt":24,"minecraft:crafting_table":9,"minecraft:white_bed":4,"minecraft:apple":3,"minecraft:melon_slice":17,"minecraft:iron_pickaxe":30,"minecraft:oak_pressure_plate":1,"create:white_seat":1,"minecraft:stone_axe":184,"minecraft:cobblestone":10,"minecraft:furnace":5,"minecraft:egg":3,"minecraft:cooked_beef":2},"minecraft:custom":{"minecraft:interact_with_furnace":38,"minecraft:mob_kills":46,"minecraft:interact_with_crafting_table":26,"minecraft:leave_game":2,"minecraft:time_since_death":4201,"minecraft:sleep_in_bed":5,"minecraft:climb_one_cm":2511,"minecraft:time_since_rest":4229,"minecraft:sprint_one_cm":234485,"minecraft:damage_taken":1825,"minecraft:walk_one_cm":135318,"minecraft:drop":16,"minecraft:damage_dealt":5222,"minecraft:swim_one_cm":9351,"minecraft:fly_one_cm":432808,"minecraft:crouch_one_cm":3805,"minecraft:play_time":82573,"minecraft:deaths":3,"minecraft:sneak_time":1811,"minecraft:walk_under_water_one_cm":259,"minecraft:jump":1802,"minecraft:walk_on_water_one_cm":867,"minecraft:total_world_time":82573,"minecraft:fall_one_cm":52273},"minecraft:crafted":{"minecraft:cooked_beef":10,"minecraft:glass_bottle":3,"minecraft:oak_slab":6,"minecraft:oak_planks":80,"minecraft:crafting_table":3,"minecraft:iron_helmet":1,"minecraft:oak_pressure_plate":1,"minecraft:wooden_pickaxe":3,"minecraft:iron_sword":1,"minecraft:furnace":3,"minecraft:bucket":1,"minecraft:stone_axe":3,"minecraft:cooked_mutton":16,"minecraft:air":0,"minecraft:jungle_planks":12,"minecraft:glass":3,"minecraft:iron_boots":1,"minecraft:iron_chestplate":1,"minecraft:shield":1,"minecraft:stick":20,"create:white_seat":1,"minecraft:iron_ingot":36,"minecraft:iron_pickaxe":2,"minecraft:stone_pickaxe":4,"minecraft:stone_sword":2,"minecraft:iron_leggings":1,"minecraft:white_bed":2,"minecraft:torch":20},"minecraft:killed_by":{"minecraft:skeleton":2,"minecraft:enderman":1}},"DataVersion":3465}