{"stats":{"minecraft:dropped":{"biomesoplenty:mahogany_log":24,"minecraft:oak_slab":5,"minecraft:wheat_seeds":4,"biomesoplenty:pink_daffodil":1,"minecraft:oak_log":41,"minecraft:jungle_planks":1,"minecraft:gray_wool":1,"minecraft:diorite":1,"minecraft:rose_bush":3,"minecraft:potion":3,"minecraft:iron_leggings":1,"minecraft:sand":10,"minecraft:mud":2,"minecraft:iron_pickaxe":1,"minecraft:bone":1,"minecraft:gravel":7,"biomesoplenty:toadstool":6,"minecraft:stone_axe":1,"minecraft:moss_carpet":3,"minecraft:stone_sword":2,"minecraft:cobbled_deepslate":7,"minecraft:chicken":2,"minecraft:rotten_flesh":10,"minecraft:iron_boots":1,"minecraft:oak_sapling":20,"minecraft:arrow":3,"biomesoplenty:mahogany_sapling":2,"minecraft:wooden_pickaxe":1,"minecraft:black_wool":1},"minecraft:picked_up":{"minecraft:mud":2,"minecraft:cocoa_beans":21,"minecraft:crafting_table":13,"minecraft:chicken":5,"minecraft:wooden_pickaxe":1,"minecraft:potion":1,"psychadelic:hawaiian_baby_woodrose_seeds":8,"minecraft:string":10,"minecraft:moss_carpet":8,"minecraft:raw_copper":20,"minecraft:iron_leggings":1,"minecraft:cobbled_deepslate":8,"minecraft:beef":20,"minecraft:rose_bush":3,"create:white_seat":2,"minecraft:jungle_sapling":2,"minecraft:iron_pickaxe":1,"minecraft:melon_slice":120,"minecraft:furnace":6,"minecraft:iron_boots":1,"minecraft:egg":8,"minecraft:raw_iron":82,"minecraft:stick":45,"psychadelic:sodiumcarbonate":11,"minecraft:porkchop":15,"minecraft:diorite":1,"minecraft:stone_sword":2,"minecraft:arrow":3,"minecraft:rotten_flesh":14,"minecraft:jungle_stairs":1,"biomesoplenty:mahogany_sapling":2,"create:veridium":1,"minecraft:mutton":59,"psychadelic:copper_oxide":2,"minecraft:white_wool":41,"minecraft:cobblestone":159,"minecraft:feather":8,"minecraft:jungle_log":33,"minecraft:andesite":1,"minecraft:leather":7,"psychadelic:morning_glory_seeds":16,"minecraft:oak_log":200,"psychadelic:copper_i_ichloridepulver":2,"minecraft:dirt":28,"minecraft:cooked_mutton":7,"minecraft:bone":1,"psychadelic:sodium_chloride":83,"minecraft:apple":7,"minecraft:wheat_seeds":8,"minecraft:stone_pickaxe":3,"minecraft:oak_planks":6,"biomesoplenty:toadstool":6,"minecraft:oak_slab":5,"psychadelic:salvialeaf":4,"minecraft:gravel":12,"minecraft:sand":19,"minecraft:jungle_planks":1,"minecraft:white_bed":5,"psychadelic:coppercarbonate":10,"minecraft:spider_eye":5,"biomesoplenty:mahogany_log":24,"minecraft:stone_axe":4,"minecraft:granite":6,"minecraft:gray_wool":3,"biomesoplenty:pink_daffodil":1,"minecraft:oak_sapling":70,"minecraft:black_wool":2,"minecraft:coal":66},"minecraft:mined":{"minecraft:dark_oak_planks":1,"minecraft:spruce_planks":4,"minecraft:white_bed":5,"minecraft:jungle_slab":1,"psychadelic:copper_oxide_ore":2,"minecraft:granite":6,"psychadelic:copper_i_ichloride":2,"minecraft:grass_block":8,"psychadelic:hawaiianbabywoodroseplant":4,"minecraft:jungle_planks":7,"minecraft:jungle_log":34,"create:ochrum":1,"psychadelic:oil":2,"minecraft:sandstone":1,"minecraft:tall_seagrass":4,"minecraft:furnace":5,"biomesoplenty:toadstool":4,"minecraft:iron_ore":81,"minecraft:cobbled_deepslate":1,"minecraft:andesite":1,"minecraft:dark_oak_stairs":2,"minecraft:deepslate_iron_ore":1,"biomesoplenty:high_grass":14,"minecraft:vine":3,"minecraft:stone":142,"create:veridium":1,"minecraft:white_wool":11,"create:white_seat":1,"minecraft:hanging_roots":1,"psychadelic:coppercarbonateore":10,"minecraft:crafting_table":10,"minecraft:jungle_stairs":3,"minecraft:melon":15,"psychadelic:salviaplant":1,"minecraft:rose_bush":4,"biomesoplenty:high_grass_plant":13,"minecraft:cobblestone":2,"minecraft:copper_ore":6,"minecraft:tall_grass":3,"biomesoplenty:sprout":1,"minecraft:diorite":1,"psychadelic:morning_glory_plant":16,"minecraft:seagrass":2,"minecraft:mud":2,"psychadelic:sodium_chlorideore":83,"biomesoplenty:mahogany_log":26,"biomesoplenty:pink_daffodil":1,"minecraft:grass":22,"minecraft:coal_ore":47,"minecraft:oak_log":113,"psychadelic:sodiumcarbonateore":11,"minecraft:dripstone_block":1,"minecraft:gravel":5,"minecraft:dirt":19,"minecraft:sand":19,"minecraft:deepslate":7,"minecraft:oak_leaves":14,"minecraft:fern":14},"minecraft:killed":{"minecraft:spider":3,"minecraft:skeleton":2,"minecraft:chicken":3,"minecraft:pig":3,"minecraft:sheep":22,"minecraft:zombie":12,"minecraft:cow":8},"minecraft:broken":{"minecraft:iron_pickaxe":1},"minecraft:used":{"minecraft:stone_sword":81,"minecraft:shield":8,"minecraft:iron_sword":40,"minecraft:torch":5,"minecraft:dirt":24,"minecraft:furnace":5,"minecraft:egg":4,"minecraft:cooked_beef":2,"minecraft:cobbled_deepslate":1,"minecraft:cooked_mutton":20,"minecraft:water_bucket":2,"minecraft:glass_bottle":3,"minecraft:stone_pickaxe":193,"minecraft:wooden_pickaxe":14,"minecraft:white_wool":11,"minecraft:sand":6,"minecraft:crafting_table":10,"minecraft:white_bed":6,"minecraft:apple":3,"minecraft:melon_slice":17,"minecraft:iron_pickaxe":281,"minecraft:oak_pressure_plate":1,"minecraft:gravel":5,"create:white_seat":1,"minecraft:stone_axe":245,"minecraft:cobblestone":45,"minecraft:bucket":3},"minecraft:custom":{"minecraft:mob_kills":53,"minecraft:interact_with_crafting_table":27,"minecraft:leave_game":2,"minecraft:time_since_death":46201,"minecraft:climb_one_cm":2769,"minecraft:sprint_one_cm":324338,"minecraft:walk_one_cm":181155,"minecraft:damage_blocked_by_shield":600,"minecraft:drop":37,"minecraft:play_time":124573,"minecraft:deaths":3,"minecraft:sneak_time":4318,"minecraft:walk_under_water_one_cm":940,"minecraft:jump":2502,"minecraft:walk_on_water_one_cm":3403,"minecraft:total_world_time":124573,"minecraft:interact_with_furnace":41,"minecraft:sleep_in_bed":6,"minecraft:time_since_rest":29266,"minecraft:damage_taken":2179,"minecraft:damage_dealt":6622,"minecraft:swim_one_cm":23500,"minecraft:fly_one_cm":602020,"minecraft:open_chest":2,"minecraft:crouch_one_cm":9317,"minecraft:fall_one_cm":75439},"minecraft:crafted":{"minecraft:oak_planks":80,"minecraft:oak_pressure_plate":1,"minecraft:furnace":3,"minecraft:cooked_mutton":20,"minecraft:glass":3,"minecraft:iron_boots":1,"minecraft:stone_pickaxe":4,"minecraft:cooked_beef":10,"minecraft:glass_bottle":3,"minecraft:oak_slab":6,"minecraft:crafting_table":3,"minecraft:wooden_pickaxe":3,"minecraft:iron_helmet":1,"minecraft:iron_sword":1,"minecraft:bucket":1,"minecraft:stone_axe":3,"minecraft:air":0,"minecraft:jungle_planks":12,"minecraft:white_wool":1,"minecraft:iron_chestplate":1,"minecraft:shield":1,"minecraft:stick":20,"create:white_seat":1,"minecraft:iron_ingot":37,"minecraft:iron_pickaxe":3,"minecraft:stone_sword":2,"minecraft:iron_leggings":1,"minecraft:white_bed":2,"minecraft:torch":20},"minecraft:killed_by":{"minecraft:enderman":1,"minecraft:skeleton":2}},"DataVersion":3465}