{"stats":{"minecraft:dropped":{"biomesoplenty:toadstool":6},"minecraft:picked_up":{"minecraft:cocoa_beans":4,"biomesoplenty:toadstool":6,"minecraft:stick":10,"minecraft:crafting_table":2,"minecraft:chicken":1,"minecraft:jungle_log":8,"minecraft:leather":2,"psychadelic:morning_glory_seeds":16,"minecraft:oak_log":59,"minecraft:white_bed":1,"minecraft:dirt":6,"minecraft:moss_carpet":2,"minecraft:apple":1,"minecraft:wheat_seeds":1,"minecraft:beef":7,"minecraft:jungle_sapling":1,"minecraft:oak_sapling":29,"minecraft:mutton":7,"minecraft:white_wool":4,"minecraft:cobblestone":6},"minecraft:mined":{"minecraft:seagrass":2,"minecraft:tall_seagrass":4,"minecraft:white_bed":1,"biomesoplenty:toadstool":4,"minecraft:crafting_table":2,"minecraft:grass":4,"minecraft:grass_block":4,"minecraft:oak_log":59,"minecraft:jungle_log":8,"minecraft:rose_bush":1,"minecraft:dirt":2,"minecraft:stone":6,"minecraft:oak_leaves":6,"psychadelic:morning_glory_plant":16},"minecraft:killed":{"minecraft:sheep":4,"minecraft:chicken":1,"minecraft:cow":4},"minecraft:used":{"minecraft:stone_pickaxe":18,"minecraft:wooden_pickaxe":8,"minecraft:stone_axe":75,"minecraft:dirt":5,"minecraft:crafting_table":2,"minecraft:white_bed":1},"minecraft:custom":{"minecraft:time_since_rest":4266,"minecraft:sprint_one_cm":34951,"minecraft:walk_one_cm":19314,"minecraft:mob_kills":9,"minecraft:drop":1,"minecraft:damage_dealt":760,"minecraft:swim_one_cm":3211,"minecraft:interact_with_crafting_table":4,"minecraft:fly_one_cm":36854,"minecraft:crouch_one_cm":545,"minecraft:play_time":10573,"minecraft:sneak_time":207,"minecraft:walk_under_water_one_cm":75,"minecraft:jump":179,"minecraft:walk_on_water_one_cm":254,"minecraft:leave_game":2,"minecraft:time_since_death":10573,"minecraft:sleep_in_bed":2,"minecraft:climb_one_cm":358,"minecraft:total_world_time":10573,"minecraft:fall_one_cm":3311},"minecraft:crafted":{"minecraft:oak_planks":32,"minecraft:crafting_table":1,"minecraft:stick":4,"minecraft:wooden_pickaxe":1,"minecraft:stone_pickaxe":1,"minecraft:white_bed":1,"minecraft:stone_axe":1}},"DataVersion":3465}