{"stats":{"minecraft:picked_up":{"minecraft:cocoa_beans":21,"minecraft:crafting_table":7,"minecraft:chicken":1,"minecraft:andesite":1,"minecraft:jungle_log":33,"minecraft:leather":7,"psychadelic:morning_glory_seeds":16,"minecraft:oak_log":76,"minecraft:string":4,"minecraft:dirt":25,"minecraft:moss_carpet":2,"minecraft:raw_copper":20,"minecraft:apple":3,"minecraft:wheat_seeds":2,"minecraft:beef":20,"minecraft:rose_bush":3,"minecraft:jungle_sapling":2,"minecraft:melon_slice":39,"minecraft:egg":1,"minecraft:furnace":2,"biomesoplenty:toadstool":6,"minecraft:stick":22,"minecraft:raw_iron":6,"minecraft:sand":3,"minecraft:porkchop":1,"minecraft:white_bed":1,"minecraft:spider_eye":2,"minecraft:granite":3,"minecraft:gray_wool":1,"create:veridium":1,"minecraft:oak_sapling":38,"minecraft:mutton":8,"minecraft:coal":29,"minecraft:white_wool":4,"minecraft:cobblestone":51},"minecraft:dropped":{"biomesoplenty:toadstool":6,"minecraft:wheat_seeds":1,"minecraft:rose_bush":3},"minecraft:mined":{"minecraft:white_bed":1,"minecraft:hanging_roots":1,"minecraft:crafting_table":7,"minecraft:granite":3,"minecraft:grass_block":7,"minecraft:melon":9,"minecraft:jungle_log":34,"minecraft:rose_bush":4,"minecraft:copper_ore":6,"psychadelic:morning_glory_plant":16,"minecraft:seagrass":2,"minecraft:tall_seagrass":4,"minecraft:furnace":2,"biomesoplenty:toadstool":4,"minecraft:iron_ore":6,"minecraft:andesite":1,"minecraft:grass":12,"minecraft:oak_log":76,"minecraft:coal_ore":29,"minecraft:vine":3,"minecraft:sand":3,"minecraft:dirt":19,"minecraft:stone":51,"create:veridium":1,"minecraft:oak_leaves":6,"minecraft:fern":11},"minecraft:killed":{"minecraft:pig":1,"minecraft:spider":3,"minecraft:sheep":5,"minecraft:chicken":1,"minecraft:cow":8},"minecraft:used":{"minecraft:stone_sword":11,"minecraft:glass_bottle":3,"minecraft:stone_pickaxe":77,"minecraft:wooden_pickaxe":14,"minecraft:torch":5,"minecraft:dirt":18,"minecraft:crafting_table":7,"minecraft:white_bed":1,"minecraft:apple":1,"minecraft:melon_slice":15,"minecraft:iron_pickaxe":30,"minecraft:stone_axe":131,"minecraft:furnace":2,"minecraft:cooked_beef":2},"minecraft:custom":{"minecraft:interact_with_furnace":17,"minecraft:mob_kills":18,"minecraft:interact_with_crafting_table":20,"minecraft:leave_game":2,"minecraft:time_since_death":6178,"minecraft:sleep_in_bed":2,"minecraft:climb_one_cm":1752,"minecraft:time_since_rest":6220,"minecraft:sprint_one_cm":115439,"minecraft:damage_taken":785,"minecraft:walk_one_cm":79031,"minecraft:drop":4,"minecraft:damage_dealt":2009,"minecraft:swim_one_cm":6239,"minecraft:fly_one_cm":222692,"minecraft:crouch_one_cm":1650,"minecraft:play_time":34573,"minecraft:deaths":2,"minecraft:sneak_time":811,"minecraft:walk_under_water_one_cm":222,"minecraft:jump":876,"minecraft:walk_on_water_one_cm":509,"minecraft:total_world_time":34573,"minecraft:fall_one_cm":22192},"minecraft:crafted":{"minecraft:cooked_beef":10,"minecraft:glass_bottle":3,"minecraft:oak_planks":52,"minecraft:crafting_table":3,"minecraft:wooden_pickaxe":3,"minecraft:furnace":3,"minecraft:stone_axe":3,"minecraft:air":0,"minecraft:jungle_planks":12,"minecraft:glass":3,"minecraft:stick":20,"minecraft:iron_ingot":3,"minecraft:iron_pickaxe":1,"minecraft:stone_pickaxe":3,"minecraft:stone_sword":2,"minecraft:white_bed":1,"minecraft:torch":20},"minecraft:killed_by":{"minecraft:skeleton":1,"minecraft:enderman":1}},"DataVersion":3465}