{"stats":{"minecraft:dropped":{"minecraft:iron_sword":1,"biomesoplenty:pink_daffodil":1,"minecraft:oak_log":41,"minecraft:jungle_planks":1,"minecraft:emerald":1,"minecraft:mutton":12,"create:iron_sheet":1,"minecraft:sand":10,"minecraft:iron_pickaxe":1,"minecraft:bone":1,"minecraft:gold_ingot":5,"minecraft:gravel":7,"biomesoplenty:toadstool":6,"minecraft:stone_axe":1,"minecraft:cobbled_deepslate":9,"minecraft:rotten_flesh":10,"minecraft:oak_planks":1,"biomesoplenty:wildflower":1,"minecraft:leather_boots":1,"minecraft:arrow":3,"minecraft:powered_rail":4,"biomesoplenty:mahogany_sapling":2,"create:andesite_alloy":1,"biomesoplenty:mahogany_log":24,"minecraft:iron_ingot":6,"minecraft:bread":168,"minecraft:oak_slab":5,"minecraft:wheat_seeds":4,"minecraft:oak_fence":1,"minecraft:iron_helmet":1,"create:andesite_casing":1,"minecraft:gray_wool":1,"minecraft:diorite":1,"minecraft:rose_bush":3,"minecraft:potion":3,"minecraft:iron_leggings":2,"minecraft:iron_axe":7,"minecraft:mud":2,"minecraft:iron_shovel":1,"minecraft:moss_carpet":3,"minecraft:stone_sword":2,"minecraft:chicken":2,"minecraft:iron_boots":2,"minecraft:iron_chestplate":1,"minecraft:diamond_pickaxe":1,"minecraft:oak_sapling":20,"minecraft:spider_eye":2,"minecraft:stone_pickaxe":10,"minecraft:bow":3,"minecraft:wooden_pickaxe":1,"minecraft:black_wool":1},"minecraft:picked_up":{"minecraft:iron_chestplate":4,"minecraft:anvil":1,"smokeleafindustry:white_widow_bud":19,"minecraft:smithing_table":2,"minecraft:potion":1,"minecraft:brewing_stand":1,"minecraft:amethyst_block":2,"minecraft:music_disc_cat":1,"minecraft:string":46,"minecraft:raw_copper":20,"create:limestone":13,"minecraft:iron_leggings":6,"create:mechanical_press":2,"minecraft:cobbled_deepslate":1535,"minecraft:spruce_planks":85,"minecraft:rose_bush":3,"minecraft:calcite":3,"minecraft:iron_pickaxe":5,"smokeleafindustry:white_widow_weed":4,"minecraft:melon_slice":153,"minecraft:furnace":13,"minecraft:iron_boots":5,"minecraft:stick":149,"minecraft:composter":8,"minecraft:oak_fence":4,"minecraft:torch":31,"create:andesite_casing":42,"minecraft:porkchop":15,"minecraft:diorite":5,"minecraft:cauldron":4,"smokeleafindustry:grinder":1,"minecraft:stone_sword":2,"minecraft:rotten_flesh":44,"biomesoplenty:mahogany_sapling":2,"create:veridium":1,"minecraft:white_terracotta":1,"psychadelic:copper_oxide":44,"minecraft:cobblestone":426,"minecraft:feather":12,"minecraft:cooked_beef":23,"minecraft:andesite":722,"minecraft:water_bucket":1,"minecraft:jungle_log":53,"minecraft:smoker":1,"psychadelic:morning_glory_seeds":16,"minecraft:flint":9,"minecraft:tuff":207,"create:raw_zinc":109,"psychadelic:copper_i_ichloridepulver":19,"minecraft:lapis_lazuli":51,"minecraft:dirt":325,"minecraft:name_tag":2,"minecraft:bone":29,"psychadelic:sodium_chloride":183,"minecraft:bow":3,"minecraft:wheat_seeds":41,"minecraft:raw_gold":32,"minecraft:bell":2,"create:goggles":1,"create:shaft":11,"minecraft:fletching_table":2,"minecraft:powered_rail":4,"minecraft:stone_hoe":1,"minecraft:oak_planks":360,"smokeleafindustry:white_widow_seeds":16,"biomesoplenty:toadstool":6,"create:cogwheel":1,"minecraft:sand":42,"minecraft:jungle_planks":1,"minecraft:mossy_cobblestone":1,"create:crimsite":19,"minecraft:diamond":117,"minecraft:granite":21,"minecraft:bone_meal":4,"minecraft:emerald":1,"minecraft:bread":87,"biomesoplenty:pink_daffodil":1,"minecraft:oak_sapling":74,"create:white_sail":12,"minecraft:diamond_pickaxe":6,"minecraft:charcoal":2,"minecraft:mud":2,"biomesoplenty:redwood_log":13,"minecraft:cocoa_beans":28,"minecraft:crafting_table":21,"minecraft:chicken":5,"minecraft:ladder":3,"minecraft:wooden_pickaxe":1,"psychadelic:hawaiian_baby_woodrose_seeds":8,"minecraft:shield":3,"minecraft:moss_carpet":8,"minecraft:iron_axe":1,"minecraft:white_carpet":4,"minecraft:iron_shovel":1,"travelersbackpack:pig":5,"minecraft:beef":54,"create:white_seat":2,"minecraft:jungle_sapling":3,"minecraft:lectern":103,"minecraft:minecart":14,"biomesoplenty:wildflower":49,"minecraft:spruce_trapdoor":14,"minecraft:egg":8,"minecraft:raw_iron":228,"psychadelic:sodiumcarbonate":36,"minecraft:oak_door":4,"create:golden_sheet":5,"create:windmill_bearing":2,"create:hand_crank":2,"minecraft:carrot":12,"minecraft:redstone":92,"create:vertical_gearbox":3,"psychadelic:rubber_tree_sapling":17,"biomesoplenty:redwood_planks":51,"minecraft:arrow":27,"minecraft:pumpkin_pie":21,"minecraft:jungle_stairs":1,"minecraft:hay_block":31,"minecraft:mutton":94,"minecraft:rail":124,"minecraft:white_wool":81,"create:iron_sheet":5,"minecraft:glow_ink_sac":2,"minecraft:leather":25,"minecraft:oak_log":205,"create:andesite_alloy":2,"minecraft:yellow_bed":14,"minecraft:gunpowder":14,"minecraft:paper":3,"minecraft:cooked_mutton":7,"psychadelic:manganesedioxide":11,"minecraft:apple":7,"psychadelic:latex":10,"minecraft:iron_ingot":48,"minecraft:stone_pickaxe":3,"minecraft:iron_sword":4,"psychadelic:sulfur":9,"minecraft:book":12,"minecraft:oak_slab":9,"minecraft:smooth_basalt":2,"create:large_water_wheel":1,"psychadelic:salvialeaf":4,"minecraft:gravel":56,"minecraft:spruce_sapling":82,"minecraft:blast_furnace":5,"minecraft:white_bed":18,"minecraft:spruce_log":934,"psychadelic:coppercarbonate":35,"minecraft:spider_eye":13,"biomesoplenty:mahogany_log":24,"minecraft:diamond_shovel":1,"minecraft:stone_axe":5,"smokeleafindustry:hemp_leaf":15,"minecraft:iron_helmet":4,"minecraft:diamond_axe":1,"minecraft:gray_wool":3,"minecraft:black_wool":2,"minecraft:coal":225},"minecraft:mined":{"minecraft:dark_oak_planks":1,"create:deepslate_zinc_ore":26,"minecraft:spruce_planks":89,"minecraft:white_bed":20,"minecraft:jungle_slab":1,"create:andesite_casing":33,"minecraft:brewing_stand":1,"minecraft:spruce_trapdoor":14,"minecraft:granite":20,"smokeleafindustry:white_widow_crop":12,"minecraft:grass_block":198,"psychadelic:hawaiianbabywoodroseplant":4,"minecraft:jungle_log":56,"minecraft:composter":8,"minecraft:spawner":3,"minecraft:tall_seagrass":5,"minecraft:iron_ore":172,"minecraft:cobbled_deepslate":45,"minecraft:anvil":1,"minecraft:deepslate_lapis_ore":6,"minecraft:fletching_table":2,"minecraft:dark_oak_stairs":2,"minecraft:dirt_path":14,"biomesoplenty:redwood_log":14,"minecraft:water_cauldron":4,"biomesoplenty:webbing":6,"create:veridium":1,"create:mechanical_press":2,"create:limestone":12,"minecraft:deepslate_redstone_ore":14,"create:cogwheel":1,"psychadelic:rubber_tree_log":12,"psychadelic:coppercarbonateore":33,"biomesoplenty:glowing_moss_carpet":1,"minecraft:smoker":1,"biomesoplenty:wildflower":27,"biomesoplenty:hanging_cobweb_strand":2,"minecraft:torch":2,"minecraft:jungle_stairs":3,"minecraft:blast_furnace":5,"minecraft:calcite":4,"minecraft:melon":15,"create:scoria":1,"minecraft:mushroom_stem":2,"minecraft:cobblestone":30,"minecraft:oak_planks":86,"minecraft:wall_torch":14,"minecraft:amethyst_block":2,"create:large_water_wheel":1,"minecraft:seagrass":3,"minecraft:white_terracotta":1,"psychadelic:sulfurore":10,"minecraft:mud":2,"biomesoplenty:glowworm_silk_strand":1,"minecraft:grass":224,"minecraft:oak_log":118,"create:hand_crank":1,"minecraft:sand":42,"minecraft:dirt":56,"minecraft:smooth_basalt":2,"create:crimsite":18,"minecraft:oak_leaves":63,"minecraft:deepslate":1052,"create:zinc_ore":26,"minecraft:tuff":123,"minecraft:mossy_cobblestone":1,"minecraft:deepslate_diamond_ore":45,"minecraft:oak_door":4,"biomesoplenty:desert_grass":40,"psychadelic:copper_oxide_ore":39,"minecraft:glow_lichen":1,"minecraft:ladder":3,"psychadelic:copper_i_ichloride":16,"minecraft:jungle_planks":7,"create:ochrum":1,"psychadelic:oil":4,"minecraft:sandstone":1,"minecraft:hay_block":31,"create:shaft":4,"minecraft:spruce_sapling":1,"minecraft:furnace":10,"biomesoplenty:toadstool":4,"psychadelic:manganesedioxideore":9,"create:white_sail":10,"minecraft:andesite":723,"create:windmill_bearing":2,"minecraft:peony":1,"minecraft:bell":2,"minecraft:bookshelf":4,"biomesoplenty:high_grass":14,"minecraft:deepslate_iron_ore":11,"minecraft:vine":3,"minecraft:rail":122,"biomesoplenty:spider_egg":1,"minecraft:stone":346,"minecraft:white_wool":13,"minecraft:podzol":6,"minecraft:smithing_table":2,"minecraft:oak_slab":2,"create:white_seat":1,"biomesoplenty:redwood_planks":2,"minecraft:hanging_roots":1,"minecraft:oak_fence":2,"minecraft:crafting_table":17,"psychadelic:salviaplant":1,"psychadelic:rubbertreeleafes":123,"minecraft:rose_bush":4,"minecraft:lectern":103,"minecraft:campfire":1,"biomesoplenty:high_grass_plant":13,"minecraft:copper_ore":6,"minecraft:tall_grass":14,"minecraft:lapis_ore":1,"biomesoplenty:sprout":1,"minecraft:deepslate_gold_ore":14,"minecraft:diorite":5,"psychadelic:morning_glory_plant":16,"create:gearbox":2,"psychadelic:sodium_chlorideore":158,"biomesoplenty:mahogany_log":26,"biomesoplenty:pink_daffodil":1,"travelersbackpack:pig":4,"minecraft:white_carpet":2,"minecraft:spruce_log":971,"minecraft:yellow_bed":15,"minecraft:coal_ore":89,"psychadelic:sodiumcarbonateore":36,"minecraft:cocoa":1,"minecraft:gravel":52,"minecraft:dripstone_block":1,"biomesoplenty:stringy_cobweb":1,"biomesoplenty:redwood_wood":1,"minecraft:fern":14},"minecraft:killed":{"minecraft:cave_spider":11,"minecraft:spider":9,"minecraft:skeleton":19,"minecraft:chicken":3,"minecraft:pig":3,"minecraft:iron_golem":1,"minecraft:creeper":1,"minecraft:sheep":39,"minecraft:zombie":38,"minecraft:cow":28,"minecraft:frog":1,"minecraft:villager":4},"minecraft:broken":{"minecraft:stone_axe":1,"minecraft:iron_sword":1,"minecraft:shield":2,"minecraft:iron_axe":3,"minecraft:iron_pickaxe":1},"minecraft:used":{"minecraft:iron_shovel":160,"minecraft:white_terracotta":1,"minecraft:chest":12,"minecraft:shield":81,"minecraft:iron_sword":232,"minecraft:bell":2,"minecraft:mutton":1,"create:white_sail":121,"create:cogwheel":13,"travelersbackpack:pig":4,"minecraft:carrot":24,"minecraft:tuff":78,"minecraft:glass":16,"minecraft:iron_helmet":1,"minecraft:item_frame":6,"create:shaft":8,"minecraft:oak_sapling":1,"minecraft:furnace":11,"minecraft:egg":4,"minecraft:diorite":3,"minecraft:oak_planks":103,"minecraft:stone_pickaxe":193,"minecraft:wooden_pickaxe":14,"minecraft:composter":8,"minecraft:diamond_axe":780,"minecraft:golden_apple":2,"minecraft:white_wool":13,"minecraft:sand":6,"minecraft:blast_furnace":5,"psychadelic:rubber_tree_sapling":3,"minecraft:melon_slice":40,"minecraft:bread":38,"minecraft:lectern":105,"minecraft:oak_pressure_plate":1,"create:andesite_casing":45,"minecraft:gravel":9,"create:white_seat":2,"minecraft:smithing_table":3,"minecraft:andesite":65,"create:vertical_gearbox":5,"minecraft:oak_fence":2,"psychadelic:magic_mushroom":3,"minecraft:bone_meal":75,"minecraft:oak_trapdoor":4,"create:large_cogwheel":7,"create:limestone":4,"minecraft:stone_sword":81,"smokeleafindustry:white_widow_seeds":14,"biomesoplenty:redwood_planks":5,"minecraft:spruce_planks":164,"minecraft:stone_hoe":51,"minecraft:oak_door":3,"minecraft:torch":132,"minecraft:dirt":311,"minecraft:anvil":2,"minecraft:white_carpet":6,"minecraft:diamond_helmet":1,"minecraft:granite":8,"minecraft:iron_hoe":5,"create:wrench":161,"minecraft:iron_axe":769,"minecraft:iron_boots":1,"minecraft:smooth_basalt":2,"minecraft:minecart":14,"minecraft:cooked_beef":36,"minecraft:cobbled_deepslate":541,"minecraft:calcite":3,"minecraft:cooked_mutton":28,"minecraft:water_bucket":31,"minecraft:glass_bottle":3,"minecraft:fletching_table":4,"minecraft:rail":127,"minecraft:oak_slab":6,"minecraft:crafting_table":20,"minecraft:white_bed":17,"minecraft:campfire":1,"biomesoplenty:wildflower":5,"minecraft:spruce_log":74,"minecraft:smoker":1,"minecraft:diamond_pickaxe":2626,"minecraft:apple":5,"minecraft:diamond_shovel":158,"create:mechanical_press":5,"create:windmill_bearing":5,"minecraft:iron_pickaxe":561,"minecraft:spruce_trapdoor":21,"minecraft:spruce_sapling":49,"create:large_water_wheel":1,"minecraft:stone_axe":304,"minecraft:cobblestone":238,"minecraft:cooked_porkchop":7,"minecraft:bucket":32,"minecraft:pumpkin_pie":24,"minecraft:yellow_bed":10,"create:hand_crank":3,"smokeleafindustry:weed_cookie":4},"minecraft:custom":{"minecraft:interact_with_crafting_table":119,"minecraft:bell_ring":138,"minecraft:leave_game":10,"minecraft:time_since_death":114646,"minecraft:sprint_one_cm":1514675,"minecraft:damage_blocked_by_shield":5820,"minecraft:drop":92,"minecraft:talked_to_villager":261,"minecraft:play_time":629946,"minecraft:deaths":8,"minecraft:jump":10186,"minecraft:walk_on_water_one_cm":32340,"minecraft:interact_with_furnace":83,"minecraft:traded_with_villager":255,"minecraft:sleep_in_bed":32,"minecraft:damage_dealt":22693,"minecraft:crouch_one_cm":75118,"minecraft:interact_with_smoker":7,"minecraft:interact_with_anvil":4,"minecraft:mob_kills":158,"minecraft:interact_with_campfire":4,"minecraft:climb_one_cm":3342,"minecraft:walk_one_cm":1153982,"minecraft:sneak_time":26721,"minecraft:walk_under_water_one_cm":30109,"minecraft:interact_with_blast_furnace":40,"minecraft:total_world_time":629946,"minecraft:time_since_rest":17457,"minecraft:damage_taken":10110,"minecraft:damage_absorbed":80,"minecraft:swim_one_cm":69968,"minecraft:fly_one_cm":2339229,"minecraft:open_chest":421,"minecraft:fall_one_cm":312095},"minecraft:crafted":{"minecraft:oak_planks":252,"minecraft:smooth_stone":3,"smokeleafindustry:grinder":1,"minecraft:oak_pressure_plate":1,"minecraft:stone":3,"minecraft:diamond_shovel":5,"minecraft:bookshelf":4,"minecraft:cooked_mutton":26,"minecraft:iron_bars":16,"smokeleafindustry:weed_cookie":8,"create:vertical_gearbox":1,"minecraft:glass":26,"minecraft:diamond_helmet":1,"minecraft:diamond_leggings":1,"minecraft:iron_boots":1,"create:mechanical_press":1,"minecraft:chest":12,"minecraft:rail":64,"minecraft:stone_hoe":1,"create:cogwheel":9,"minecraft:smoker":1,"minecraft:glass_bottle":3,"minecraft:item_frame":6,"minecraft:oak_slab":18,"minecraft:emerald":211,"psychadelic:pestleandmortar":1,"minecraft:cooked_porkchop":7,"minecraft:diamond_axe":1,"minecraft:crafting_table":8,"minecraft:spruce_planks":3296,"minecraft:wooden_pickaxe":3,"minecraft:iron_helmet":1,"minecraft:smithing_table":1,"minecraft:fletching_table":2,"minecraft:campfire":1,"minecraft:spruce_trapdoor":8,"minecraft:lectern":3,"minecraft:iron_chestplate":1,"minecraft:book":1,"minecraft:diamond_pickaxe":2,"create:water_wheel":1,"minecraft:shield":3,"minecraft:stick":6456,"create:white_seat":1,"minecraft:iron_ingot":198,"minecraft:iron_pickaxe":5,"minecraft:iron_block":4,"minecraft:stone_sword":2,"minecraft:gold_ingot":20,"create:large_cogwheel":4,"minecraft:oak_door":3,"create:wrench":1,"minecraft:iron_nugget":172,"create:white_sail":36,"minecraft:furnace":7,"minecraft:blast_furnace":1,"minecraft:bone_meal":75,"minecraft:white_carpet":6,"minecraft:oak_trapdoor":4,"minecraft:iron_axe":10,"minecraft:spruce_slab":12,"minecraft:iron_hoe":1,"minecraft:stone_pickaxe":14,"minecraft:diamond_boots":1,"create:windmill_bearing":1,"minecraft:minecart":1,"minecraft:wheat":279,"minecraft:cooked_beef":40,"psychadelic:chemistrybook":1,"create:andesite_alloy":99,"create:hand_crank":2,"biomesoplenty:redwood_planks":52,"minecraft:iron_sword":1,"minecraft:bowl":4,"create:goggles":1,"create:large_water_wheel":1,"minecraft:bucket":2,"minecraft:stone_axe":3,"minecraft:enchanted_book":2,"minecraft:bread":145,"minecraft:air":0,"minecraft:jungle_planks":92,"minecraft:white_wool":1,"psychadelic:hawaiianbabywoodrosedust":4,"minecraft:iron_shovel":1,"minecraft:iron_leggings":1,"minecraft:anvil":1,"minecraft:white_bed":2,"create:shaft":24,"minecraft:pumpkin_pie":24,"minecraft:torch":156,"minecraft:diamond_chestplate":1},"minecraft:killed_by":{"minecraft:creeper":1,"minecraft:enderman":1,"minecraft:iron_golem":2,"minecraft:skeleton":3}},"DataVersion":3465}