{"stats":{"minecraft:dropped":{"minecraft:iron_sword":1,"biomesoplenty:pink_daffodil":1,"minecraft:oak_log":41,"minecraft:jungle_planks":1,"minecraft:emerald":2,"minecraft:mutton":12,"create:goggles":1,"create:iron_sheet":1,"minecraft:sand":10,"minecraft:iron_pickaxe":1,"minecraft:bone":1,"minecraft:gold_ingot":5,"minecraft:gravel":8,"biomesoplenty:toadstool":6,"minecraft:stone_axe":1,"minecraft:cobbled_deepslate":685,"minecraft:rotten_flesh":31,"minecraft:oak_planks":1,"minecraft:gunpowder":1,"biomesoplenty:wildflower":3,"minecraft:leather_boots":1,"minecraft:arrow":3,"minecraft:powered_rail":4,"biomesoplenty:mahogany_sapling":2,"create:andesite_alloy":1,"biomesoplenty:mahogany_log":24,"minecraft:iron_ingot":25,"minecraft:bread":168,"minecraft:oak_slab":5,"minecraft:wheat_seeds":4,"minecraft:oak_fence":1,"minecraft:iron_helmet":1,"minecraft:cobblestone":1,"minecraft:granite":7,"minecraft:coal":256,"create:andesite_casing":11,"minecraft:gray_wool":1,"minecraft:diorite":2,"minecraft:rose_bush":3,"minecraft:potion":3,"minecraft:iron_leggings":2,"minecraft:iron_axe":7,"minecraft:mud":2,"minecraft:iron_shovel":1,"create:raw_zinc":75,"minecraft:moss_carpet":3,"create:shaft":2,"minecraft:stone_sword":2,"minecraft:raw_copper":820,"minecraft:raw_iron":9,"minecraft:chicken":2,"minecraft:iron_boots":2,"minecraft:spruce_planks":35,"minecraft:diamond_pickaxe":1,"minecraft:iron_chestplate":1,"minecraft:andesite":4,"minecraft:oak_sapling":24,"minecraft:spider_eye":2,"minecraft:stone_pickaxe":10,"minecraft:bow":3,"minecraft:wooden_pickaxe":1,"minecraft:black_wool":1},"minecraft:picked_up":{"minecraft:iron_chestplate":4,"minecraft:anvil":1,"smokeleafindustry:white_widow_bud":25,"minecraft:smithing_table":2,"minecraft:diamond_sword":2,"minecraft:potion":1,"minecraft:brewing_stand":1,"minecraft:amethyst_block":13,"minecraft:music_disc_cat":1,"minecraft:string":48,"minecraft:raw_copper":1602,"create:limestone":13,"minecraft:iron_leggings":6,"biomesoplenty:brimstone":1,"minecraft:diamond_leggings":1,"create:mechanical_press":4,"minecraft:cobbled_deepslate":2643,"minecraft:bucket":2,"minecraft:spruce_planks":124,"minecraft:rose_bush":3,"minecraft:calcite":10,"minecraft:iron_pickaxe":5,"smokeleafindustry:white_widow_weed":4,"minecraft:melon_slice":153,"minecraft:furnace":15,"minecraft:iron_boots":5,"biomesoplenty:rose_quartz_block":1,"minecraft:stick":185,"minecraft:composter":8,"minecraft:oak_fence":4,"minecraft:torch":35,"create:andesite_casing":78,"minecraft:porkchop":15,"minecraft:diorite":17,"minecraft:cauldron":4,"smokeleafindustry:grinder":1,"biomesoplenty:rose_quartz_chunk":2,"minecraft:stone_sword":2,"minecraft:rotten_flesh":87,"create:ochrum":6,"biomesoplenty:mahogany_sapling":2,"create:veridium":1,"minecraft:white_terracotta":1,"minecraft:obsidian":14,"psychadelic:copper_oxide":45,"minecraft:cobblestone":790,"minecraft:feather":12,"minecraft:cooked_beef":23,"minecraft:andesite":736,"minecraft:water_bucket":3,"minecraft:jungle_log":53,"minecraft:smoker":1,"minecraft:potato":1,"psychadelic:morning_glory_seeds":16,"minecraft:flint":11,"minecraft:tuff":232,"create:raw_zinc":329,"psychadelic:copper_i_ichloridepulver":19,"minecraft:lapis_lazuli":79,"minecraft:dirt":362,"minecraft:name_tag":2,"minecraft:bone":29,"psychadelic:sodium_chloride":191,"minecraft:bow":3,"minecraft:wheat_seeds":41,"minecraft:raw_gold":32,"minecraft:bell":2,"create:goggles":4,"create:shaft":15,"minecraft:fletching_table":2,"minecraft:diamond_helmet":2,"minecraft:powered_rail":4,"minecraft:stone_hoe":1,"minecraft:oak_planks":366,"smokeleafindustry:white_widow_seeds":20,"biomesoplenty:toadstool":6,"create:cogwheel":1,"minecraft:sand":42,"minecraft:jungle_planks":1,"minecraft:stripped_spruce_log":19,"minecraft:dark_oak_log":66,"minecraft:mossy_cobblestone":1,"create:crimsite":19,"minecraft:diamond":144,"minecraft:granite":51,"minecraft:bone_meal":7,"minecraft:netherrack":224,"minecraft:emerald":2,"minecraft:bread":158,"biomesoplenty:pink_daffodil":1,"minecraft:oak_sapling":79,"create:white_sail":12,"minecraft:diamond_pickaxe":8,"minecraft:charcoal":2,"minecraft:mud":2,"biomesoplenty:redwood_log":13,"minecraft:cocoa_beans":28,"minecraft:crafting_table":21,"minecraft:chicken":5,"minecraft:ladder":3,"minecraft:wooden_pickaxe":1,"psychadelic:hawaiian_baby_woodrose_seeds":8,"minecraft:shield":5,"minecraft:moss_carpet":8,"minecraft:iron_axe":1,"minecraft:white_carpet":4,"minecraft:iron_shovel":1,"travelersbackpack:pig":7,"minecraft:beef":54,"create:white_seat":2,"minecraft:jungle_sapling":3,"minecraft:minecart":21,"minecraft:lectern":202,"biomesoplenty:wildflower":54,"minecraft:spruce_trapdoor":14,"minecraft:egg":8,"minecraft:dark_oak_sapling":9,"minecraft:raw_iron":287,"psychadelic:sodiumcarbonate":38,"minecraft:oak_door":4,"create:golden_sheet":5,"create:windmill_bearing":2,"create:hand_crank":2,"minecraft:carrot":12,"minecraft:redstone":108,"create:zinc_ingot":41,"create:vertical_gearbox":3,"minecraft:dark_oak_planks":2,"psychadelic:rubber_tree_sapling":17,"biomesoplenty:redwood_planks":51,"minecraft:arrow":27,"minecraft:diamond_chestplate":2,"minecraft:pumpkin_pie":49,"minecraft:jungle_stairs":1,"minecraft:diamond_boots":2,"minecraft:hay_block":31,"minecraft:mutton":94,"minecraft:rail":191,"minecraft:white_wool":81,"create:iron_sheet":23,"minecraft:glow_ink_sac":2,"minecraft:leather":25,"minecraft:oak_log":210,"create:andesite_alloy":2,"minecraft:yellow_bed":14,"minecraft:gunpowder":19,"minecraft:paper":3,"minecraft:cooked_mutton":7,"psychadelic:manganesedioxide":14,"minecraft:apple":12,"psychadelic:latex":10,"minecraft:iron_ingot":67,"minecraft:stone_pickaxe":3,"minecraft:iron_sword":4,"psychadelic:sulfur":9,"minecraft:book":12,"minecraft:oak_slab":9,"minecraft:smooth_basalt":3,"create:large_water_wheel":1,"psychadelic:salvialeaf":4,"minecraft:dripstone_block":18,"minecraft:gravel":58,"minecraft:amethyst_shard":4,"minecraft:spruce_sapling":134,"minecraft:blast_furnace":7,"minecraft:white_bed":18,"minecraft:spruce_log":1250,"psychadelic:coppercarbonate":35,"minecraft:spider_eye":13,"biomesoplenty:mahogany_log":24,"minecraft:diamond_shovel":3,"minecraft:stone_axe":5,"smokeleafindustry:hemp_leaf":21,"create:encased_fan":8,"minecraft:iron_helmet":4,"minecraft:diamond_axe":5,"minecraft:gray_wool":3,"minecraft:black_wool":2,"minecraft:coal":787,"minecraft:ender_pearl":3},"minecraft:mined":{"minecraft:dark_oak_planks":3,"create:deepslate_zinc_ore":28,"minecraft:spruce_planks":93,"minecraft:white_bed":20,"minecraft:jungle_slab":1,"create:andesite_casing":49,"biomesoplenty:brimstone":1,"minecraft:brewing_stand":1,"minecraft:obsidian":16,"minecraft:spruce_trapdoor":14,"minecraft:granite":33,"minecraft:budding_amethyst":2,"smokeleafindustry:white_widow_crop":16,"minecraft:grass_block":225,"biomesoplenty:rose_quartz_block":1,"psychadelic:hawaiianbabywoodroseplant":4,"minecraft:jungle_log":56,"minecraft:composter":8,"minecraft:spawner":4,"minecraft:tall_seagrass":5,"minecraft:fire":1,"minecraft:iron_ore":187,"minecraft:cobbled_deepslate":68,"minecraft:anvil":1,"minecraft:deepslate_lapis_ore":8,"minecraft:fletching_table":2,"minecraft:dark_oak_stairs":2,"minecraft:water_cauldron":4,"biomesoplenty:redwood_log":14,"minecraft:dirt_path":14,"biomesoplenty:webbing":6,"create:veridium":1,"create:mechanical_press":3,"create:limestone":12,"minecraft:deepslate_redstone_ore":14,"create:cogwheel":1,"psychadelic:rubber_tree_log":12,"psychadelic:coppercarbonateore":33,"biomesoplenty:glowing_moss_carpet":1,"minecraft:smoker":1,"biomesoplenty:wildflower":29,"biomesoplenty:brimstone_fumarole":1,"biomesoplenty:hanging_cobweb_strand":2,"minecraft:torch":3,"minecraft:jungle_stairs":3,"minecraft:blast_furnace":6,"minecraft:calcite":11,"minecraft:melon":15,"create:scoria":1,"minecraft:mushroom_stem":2,"minecraft:glass":3,"minecraft:cobblestone":42,"minecraft:oak_planks":86,"minecraft:wall_torch":16,"minecraft:amethyst_block":13,"create:large_water_wheel":1,"minecraft:seagrass":3,"minecraft:white_terracotta":1,"psychadelic:sulfurore":10,"minecraft:mud":2,"biomesoplenty:glowworm_silk_strand":1,"minecraft:grass":236,"minecraft:oak_log":123,"create:hand_crank":1,"minecraft:sand":42,"minecraft:dirt":57,"minecraft:smooth_basalt":3,"minecraft:netherrack":331,"create:crimsite":18,"minecraft:oak_leaves":72,"minecraft:deepslate":1607,"create:zinc_ore":95,"minecraft:tuff":150,"minecraft:mossy_cobblestone":1,"minecraft:deepslate_diamond_ore":56,"minecraft:oak_door":4,"biomesoplenty:desert_grass":44,"minecraft:dark_oak_log":71,"psychadelic:copper_oxide_ore":40,"minecraft:glow_lichen":1,"minecraft:ladder":3,"psychadelic:copper_i_ichloride":16,"minecraft:jungle_planks":7,"create:ochrum":7,"psychadelic:oil":4,"create:encased_fan":4,"minecraft:sandstone":1,"minecraft:hay_block":31,"minecraft:redstone_ore":2,"create:shaft":4,"minecraft:spruce_sapling":1,"minecraft:furnace":11,"biomesoplenty:toadstool":4,"psychadelic:manganesedioxideore":12,"create:white_sail":10,"minecraft:andesite":727,"minecraft:stripped_spruce_log":19,"create:windmill_bearing":2,"minecraft:peony":1,"minecraft:bell":2,"minecraft:bookshelf":4,"biomesoplenty:high_grass":14,"minecraft:deepslate_iron_ore":17,"minecraft:vine":3,"minecraft:rail":178,"biomesoplenty:spider_egg":1,"minecraft:stone":476,"biomesoplenty:rose_quartz_cluster":1,"minecraft:white_wool":13,"minecraft:podzol":6,"minecraft:smithing_table":2,"minecraft:oak_slab":2,"create:white_seat":1,"biomesoplenty:redwood_planks":2,"minecraft:hanging_roots":1,"minecraft:oak_fence":2,"minecraft:crafting_table":17,"psychadelic:salviaplant":1,"psychadelic:rubbertreeleafes":123,"minecraft:rose_bush":4,"minecraft:campfire":1,"minecraft:lectern":202,"biomesoplenty:high_grass_plant":13,"minecraft:copper_ore":116,"minecraft:tall_grass":14,"minecraft:lapis_ore":1,"biomesoplenty:sprout":1,"minecraft:deepslate_gold_ore":14,"minecraft:sculk":4,"minecraft:diorite":9,"psychadelic:morning_glory_plant":16,"create:gearbox":2,"psychadelic:sodium_chlorideore":167,"biomesoplenty:mahogany_log":26,"biomesoplenty:pink_daffodil":1,"travelersbackpack:pig":6,"minecraft:white_carpet":2,"minecraft:spruce_log":1288,"minecraft:yellow_bed":15,"minecraft:coal_ore":214,"psychadelic:sodiumcarbonateore":38,"minecraft:cocoa":1,"minecraft:gravel":55,"minecraft:dripstone_block":19,"biomesoplenty:stringy_cobweb":1,"biomesoplenty:redwood_wood":1,"minecraft:fern":14},"minecraft:killed":{"minecraft:cave_spider":11,"minecraft:spider":10,"minecraft:skeleton":19,"minecraft:chicken":3,"minecraft:pig":3,"minecraft:iron_golem":1,"minecraft:creeper":4,"minecraft:sheep":39,"minecraft:zombie":61,"minecraft:cow":28,"minecraft:frog":1,"minecraft:villager":5,"minecraft:enderman":3},"minecraft:broken":{"minecraft:stone_axe":1,"minecraft:iron_sword":1,"minecraft:shield":2,"minecraft:iron_axe":3,"minecraft:iron_pickaxe":1},"minecraft:used":{"minecraft:iron_shovel":160,"minecraft:shield":84,"minecraft:chest":12,"minecraft:white_terracotta":1,"minecraft:iron_sword":232,"minecraft:bell":2,"minecraft:mutton":1,"create:white_sail":121,"create:cogwheel":13,"travelersbackpack:pig":4,"minecraft:carrot":24,"minecraft:tuff":82,"minecraft:obsidian":10,"minecraft:stripped_spruce_log":19,"minecraft:glass":21,"minecraft:iron_helmet":1,"minecraft:item_frame":6,"create:shaft":8,"minecraft:oak_sapling":1,"minecraft:furnace":12,"minecraft:egg":4,"minecraft:diorite":3,"minecraft:diamond_boots":1,"minecraft:oak_planks":103,"minecraft:stone_pickaxe":193,"minecraft:wooden_pickaxe":14,"minecraft:composter":8,"minecraft:diamond_axe":1400,"minecraft:golden_apple":2,"minecraft:white_wool":13,"minecraft:sand":6,"minecraft:blast_furnace":7,"psychadelic:rubber_tree_sapling":3,"minecraft:dark_oak_log":24,"minecraft:melon_slice":40,"minecraft:bread":51,"minecraft:lectern":206,"minecraft:oak_pressure_plate":1,"create:andesite_casing":47,"minecraft:gravel":9,"create:white_seat":2,"minecraft:diamond_sword":65,"minecraft:smithing_table":3,"minecraft:andesite":65,"minecraft:oak_fence":2,"create:large_cogwheel":7,"create:vertical_gearbox":5,"minecraft:bone_meal":78,"psychadelic:magic_mushroom":3,"minecraft:oak_trapdoor":4,"biomesoplenty:brimstone":1,"create:limestone":4,"minecraft:stone_sword":81,"smokeleafindustry:white_widow_seeds":18,"minecraft:flint_and_steel":1,"biomesoplenty:redwood_planks":5,"minecraft:spruce_planks":231,"minecraft:stone_hoe":51,"minecraft:netherrack":138,"minecraft:oak_door":3,"minecraft:torch":211,"minecraft:dirt":327,"minecraft:anvil":2,"minecraft:white_carpet":6,"minecraft:wheat":25,"minecraft:diamond_helmet":1,"minecraft:granite":8,"minecraft:iron_hoe":5,"minecraft:dark_oak_planks":2,"create:wrench":161,"minecraft:iron_axe":769,"minecraft:iron_boots":1,"minecraft:smooth_basalt":2,"minecraft:minecart":21,"minecraft:cooked_beef":36,"minecraft:cobbled_deepslate":661,"minecraft:calcite":3,"minecraft:wheat_seeds":25,"minecraft:cooked_mutton":28,"minecraft:water_bucket":46,"minecraft:glass_bottle":3,"minecraft:fletching_table":4,"minecraft:rail":176,"create:encased_fan":4,"minecraft:crafting_table":20,"minecraft:oak_slab":6,"minecraft:white_bed":17,"minecraft:campfire":1,"biomesoplenty:wildflower":6,"minecraft:spruce_log":95,"minecraft:smoker":1,"minecraft:diamond_pickaxe":4222,"minecraft:apple":5,"minecraft:diamond_shovel":192,"create:mechanical_press":5,"create:windmill_bearing":5,"minecraft:iron_pickaxe":561,"minecraft:spruce_trapdoor":26,"minecraft:spruce_sapling":65,"create:large_water_wheel":1,"minecraft:stone_axe":304,"minecraft:cobblestone":264,"minecraft:cooked_porkchop":7,"minecraft:bucket":48,"minecraft:pumpkin_pie":44,"minecraft:yellow_bed":10,"create:hand_crank":3,"smokeleafindustry:weed_cookie":4},"minecraft:custom":{"minecraft:interact_with_crafting_table":133,"minecraft:bell_ring":138,"minecraft:leave_game":16,"minecraft:time_since_death":57055,"minecraft:sprint_one_cm":1901850,"minecraft:damage_blocked_by_shield":6098,"minecraft:drop":161,"minecraft:talked_to_villager":449,"minecraft:play_time":811735,"minecraft:deaths":10,"minecraft:jump":12092,"minecraft:walk_on_water_one_cm":52732,"minecraft:interact_with_furnace":87,"minecraft:traded_with_villager":334,"minecraft:sleep_in_bed":34,"minecraft:damage_dealt":29628,"minecraft:crouch_one_cm":102363,"minecraft:interact_with_smoker":7,"minecraft:interact_with_anvil":7,"minecraft:mob_kills":189,"minecraft:interact_with_campfire":4,"minecraft:climb_one_cm":3342,"minecraft:walk_one_cm":1462869,"minecraft:sneak_time":33216,"minecraft:walk_under_water_one_cm":30729,"minecraft:interact_with_blast_furnace":55,"minecraft:total_world_time":811735,"minecraft:time_since_rest":44119,"minecraft:damage_taken":11819,"minecraft:damage_absorbed":80,"minecraft:minecart_one_cm":95,"minecraft:swim_one_cm":76075,"minecraft:fly_one_cm":2671033,"minecraft:open_chest":579,"minecraft:fall_one_cm":350933},"minecraft:crafted":{"minecraft:smooth_stone":3,"minecraft:oak_planks":252,"smokeleafindustry:grinder":1,"minecraft:oak_pressure_plate":1,"minecraft:stone":3,"minecraft:diamond_shovel":5,"minecraft:bookshelf":6,"minecraft:cooked_mutton":26,"minecraft:iron_bars":16,"smokeleafindustry:weed_cookie":8,"create:vertical_gearbox":1,"minecraft:glass":26,"minecraft:diamond_helmet":1,"minecraft:diamond_leggings":2,"minecraft:iron_boots":1,"create:mechanical_press":1,"minecraft:chest":12,"minecraft:rail":64,"minecraft:stone_hoe":1,"create:cogwheel":9,"minecraft:smoker":1,"minecraft:glass_bottle":3,"minecraft:oak_slab":18,"minecraft:item_frame":6,"minecraft:emerald":279,"psychadelic:pestleandmortar":1,"minecraft:cooked_porkchop":7,"minecraft:diamond_axe":2,"minecraft:crafting_table":8,"minecraft:spruce_planks":4476,"minecraft:wooden_pickaxe":3,"minecraft:iron_helmet":1,"minecraft:smithing_table":1,"minecraft:fletching_table":2,"minecraft:campfire":1,"create:encased_fan":4,"minecraft:spruce_trapdoor":18,"minecraft:lectern":5,"minecraft:dark_oak_slab":126,"minecraft:book":1,"minecraft:iron_chestplate":1,"create:water_wheel":1,"minecraft:diamond_pickaxe":3,"minecraft:shield":3,"minecraft:stick":8556,"create:white_seat":1,"minecraft:iron_ingot":198,"minecraft:iron_pickaxe":5,"minecraft:iron_block":4,"minecraft:stone_sword":2,"minecraft:gold_ingot":20,"create:large_cogwheel":4,"create:propeller":4,"minecraft:oak_door":3,"create:wrench":1,"minecraft:iron_nugget":262,"create:white_sail":36,"minecraft:furnace":7,"minecraft:blast_furnace":1,"minecraft:bone_meal":75,"minecraft:white_carpet":6,"minecraft:oak_trapdoor":4,"minecraft:flint_and_steel":1,"minecraft:iron_axe":10,"minecraft:spruce_slab":12,"minecraft:iron_hoe":1,"minecraft:stone_pickaxe":14,"minecraft:diamond_boots":1,"minecraft:dark_oak_planks":168,"create:windmill_bearing":1,"minecraft:minecart":1,"minecraft:wheat":279,"minecraft:cooked_beef":40,"psychadelic:chemistrybook":1,"create:andesite_alloy":144,"create:hand_crank":2,"minecraft:diamond_sword":1,"biomesoplenty:redwood_planks":52,"minecraft:iron_sword":1,"minecraft:bowl":4,"create:goggles":1,"create:large_water_wheel":1,"minecraft:bucket":2,"minecraft:stone_axe":3,"minecraft:enchanted_book":4,"minecraft:bread":145,"minecraft:air":0,"minecraft:jungle_planks":92,"minecraft:white_wool":1,"psychadelic:hawaiianbabywoodrosedust":4,"minecraft:iron_shovel":1,"minecraft:iron_leggings":1,"minecraft:anvil":1,"minecraft:white_bed":2,"create:shaft":24,"minecraft:pumpkin_pie":48,"minecraft:torch":156,"create:zinc_ingot":74,"minecraft:diamond_chestplate":1},"minecraft:killed_by":{"minecraft:zombie_villager":1,"minecraft:creeper":1,"minecraft:zombie":1,"minecraft:enderman":1,"minecraft:iron_golem":2,"minecraft:skeleton":3}},"DataVersion":3465}