{"stats":{"minecraft:broken":{"minecraft:diamond_helmet":1,"minecraft:diamond_pickaxe":1,"minecraft:iron_sword":1,"minecraft:shield":2,"minecraft:iron_axe":3,"minecraft:iron_pickaxe":1,"minecraft:diamond_boots":1,"minecraft:stone_axe":1,"minecraft:diamond_axe":3},"minecraft:custom":{"minecraft:interact_with_crafting_table":200,"minecraft:bell_ring":138,"minecraft:leave_game":22,"minecraft:time_since_death":6209,"minecraft:damage_blocked_by_shield":7493,"minecraft:play_time":1373352,"minecraft:deaths":16,"minecraft:jump":18590,"minecraft:enchant_item":23,"minecraft:interact_with_furnace":103,"minecraft:traded_with_villager":874,"minecraft:sleep_in_bed":50,"minecraft:damage_dealt":69793,"minecraft:interact_with_smoker":7,"minecraft:interact_with_smithing_table":3,"minecraft:interact_with_anvil":13,"minecraft:inspect_hopper":12,"minecraft:sneak_time":51544,"minecraft:interact_with_lectern":11,"minecraft:interact_with_blast_furnace":82,"minecraft:total_world_time":1373352,"minecraft:time_since_rest":2461,"minecraft:swim_one_cm":104751,"minecraft:fly_one_cm":4592341,"minecraft:open_chest":1070,"minecraft:fall_one_cm":523146,"minecraft:sprint_one_cm":3230763,"minecraft:drop":258,"minecraft:talked_to_villager":1198,"minecraft:interact_with_brewingstand":2,"minecraft:walk_on_water_one_cm":67954,"minecraft:crouch_one_cm":155312,"minecraft:mob_kills":400,"minecraft:interact_with_campfire":4,"minecraft:climb_one_cm":10942,"minecraft:walk_one_cm":2509691,"minecraft:walk_under_water_one_cm":36952,"minecraft:interact_with_grindstone":2,"minecraft:damage_taken":17343,"minecraft:damage_absorbed":80,"minecraft:minecart_one_cm":95},"minecraft:used":{"minecraft:spruce_slab":43,"minecraft:chest":22,"create:white_sail":121,"minecraft:stripped_spruce_log":19,"minecraft:lava_bucket":18,"minecraft:dark_oak_slab":2,"create:shaft":8,"minecraft:oak_sapling":1,"minecraft:furnace":13,"minecraft:egg":13,"biomesoplenty:flesh":21,"minecraft:mossy_stone_bricks":3,"minecraft:diorite":8,"minecraft:wooden_pickaxe":14,"minecraft:composter":8,"minecraft:cookie":90,"minecraft:golden_apple":2,"minecraft:sand":9,"minecraft:blast_furnace":9,"psychadelic:rubber_tree_sapling":3,"minecraft:lectern":615,"minecraft:oak_pressure_plate":1,"minecraft:diamond_sword":545,"minecraft:smithing_table":3,"psychadelic:magic_mushroom":4,"minecraft:oak_trapdoor":4,"minecraft:enchanting_table":1,"create:limestone":4,"minecraft:stone_sword":81,"smokeleafindustry:white_widow_seeds":30,"travelersbackpack:bat":6,"minecraft:netherrack":736,"minecraft:torch":396,"minecraft:brewing_stand":1,"minecraft:anvil":3,"minecraft:wheat":25,"create:wrench":208,"minecraft:iron_axe":769,"minecraft:smooth_basalt":2,"biomesoplenty:blood_bucket":26,"minecraft:cobbled_deepslate":761,"minecraft:calcite":6,"minecraft:wheat_seeds":25,"minecraft:water_bucket":89,"minecraft:fletching_table":4,"minecraft:spruce_fence_gate":8,"minecraft:cracked_stone_bricks":10,"minecraft:rail":320,"create:encased_fan":4,"minecraft:crafting_table":21,"minecraft:oak_slab":6,"minecraft:white_bed":17,"minecraft:campfire":1,"minecraft:spruce_log":143,"minecraft:oak_log":4,"minecraft:ender_eye":7,"minecraft:diamond_pickaxe":7380,"minecraft:diamond_shovel":834,"minecraft:iron_pickaxe":561,"minecraft:spruce_trapdoor":32,"minecraft:spruce_sapling":174,"minecraft:cobblestone":342,"travelersbackpack:standard":6,"minecraft:cooked_porkchop":7,"minecraft:iron_shovel":160,"minecraft:shield":96,"minecraft:white_terracotta":1,"minecraft:iron_sword":232,"biomesoplenty:bramble":8,"minecraft:bell":2,"minecraft:mutton":1,"create:cogwheel":13,"travelersbackpack:pig":12,"minecraft:nether_bricks":90,"minecraft:carrot":24,"minecraft:tuff":82,"minecraft:obsidian":30,"minecraft:glass":25,"minecraft:iron_helmet":1,"minecraft:hopper_minecart":1,"minecraft:stone_bricks":15,"minecraft:item_frame":11,"minecraft:diamond_boots":1,"minecraft:stone_pickaxe":193,"minecraft:oak_planks":119,"minecraft:diamond_axe":4720,"minecraft:white_wool":13,"minecraft:dark_oak_log":24,"minecraft:melon_slice":40,"minecraft:bread":76,"minecraft:iron_door":1,"create:andesite_casing":51,"minecraft:gravel":9,"create:white_seat":2,"minecraft:grindstone":1,"minecraft:andesite":65,"create:vertical_gearbox":5,"minecraft:bone_meal":192,"create:large_cogwheel":7,"minecraft:oak_fence":2,"travelersbackpack:blaze":13,"biomesoplenty:brimstone":36,"minecraft:flint_and_steel":4,"biomesoplenty:redwood_planks":5,"minecraft:redstone":1,"minecraft:spruce_planks":342,"minecraft:stone_hoe":52,"minecraft:oak_door":3,"minecraft:dirt":502,"minecraft:white_carpet":6,"minecraft:hopper":6,"minecraft:diamond_helmet":2,"minecraft:spruce_fence":27,"minecraft:granite":16,"minecraft:iron_hoe":5,"minecraft:dark_oak_planks":2,"minecraft:bookshelf":44,"psychadelic:peyoteslice":1,"minecraft:iron_boots":1,"minecraft:golden_carrot":16,"minecraft:minecart":41,"minecraft:cooked_beef":36,"minecraft:cooked_mutton":28,"minecraft:amethyst_block":27,"minecraft:glass_bottle":6,"biomesoplenty:wildflower":18,"minecraft:smoker":1,"minecraft:apple":5,"create:mechanical_press":5,"create:windmill_bearing":5,"minecraft:cracked_polished_blackstone_bricks":1,"create:large_water_wheel":1,"minecraft:stone_axe":304,"minecraft:bucket":140,"minecraft:yellow_bed":14,"minecraft:pumpkin_pie":117,"create:hand_crank":3,"smokeleafindustry:weed_cookie":4},"minecraft:killed":{"minecraft:cave_spider":11,"minecraft:skeleton":30,"minecraft:chicken":3,"minecraft:magma_cube":1,"minecraft:iron_golem":1,"minecraft:zombie":81,"minecraft:cow":68,"minecraft:horse":4,"minecraft:frog":1,"minecraft:enderman":19,"minecraft:zombified_piglin":1,"minecraft:spider":17,"minecraft:silverfish":6,"minecraft:piglin":7,"minecraft:pig":8,"minecraft:zombie_villager":1,"minecraft:creeper":17,"minecraft:sheep":39,"minecraft:ghast":1,"minecraft:blaze":64,"minecraft:wither_skeleton":10,"minecraft:villager":8},"minecraft:killed_by":{"minecraft:zombie_villager":1,"minecraft:zombie":2,"minecraft:creeper":3,"minecraft:enderman":3,"minecraft:iron_golem":2,"minecraft:skeleton":3},"minecraft:picked_up":{"minecraft:iron_chestplate":4,"minecraft:anvil":2,"minecraft:smithing_table":2,"minecraft:diamond_sword":6,"psychadelic:mushroom_block":3,"minecraft:enchanted_book":13,"minecraft:brewing_stand":1,"minecraft:amethyst_block":40,"minecraft:music_disc_cat":1,"minecraft:string":95,"create:limestone":13,"minecraft:diamond_leggings":3,"minecraft:cobbled_deepslate":2801,"minecraft:gold_nugget":1,"minecraft:spruce_planks":221,"minecraft:hopper_minecart":1,"minecraft:coal_block":63,"minecraft:melon_slice":153,"minecraft:composter":8,"create:andesite_casing":82,"minecraft:cauldron":4,"smokeleafindustry:grinder":1,"minecraft:stone_sword":3,"biomesoplenty:rose_quartz_chunk":4,"create:ochrum":6,"minecraft:white_terracotta":1,"minecraft:blaze_rod":47,"minecraft:iron_bars":7,"minecraft:feather":16,"minecraft:cooked_beef":23,"minecraft:iron_door":11,"minecraft:water_bucket":5,"minecraft:jungle_log":53,"minecraft:smoker":1,"minecraft:flint":18,"create:goggles":6,"create:shaft":15,"minecraft:diamond_helmet":4,"minecraft:stripped_spruce_log":19,"minecraft:dark_oak_log":66,"biomesoplenty:hellbark_log":49,"create:crimsite":19,"minecraft:granite":59,"minecraft:bread":504,"biomesoplenty:redwood_log":13,"minecraft:diamond_pickaxe":10,"minecraft:mud":2,"minecraft:crafting_table":21,"minecraft:nether_wart":92,"psychadelic:hawaiian_baby_woodrose_seeds":8,"minecraft:white_carpet":4,"minecraft:iron_shovel":1,"travelersbackpack:pig":14,"minecraft:cracked_stone_bricks":10,"psychadelic:san_pedro_stage_2":17,"minecraft:beef":152,"create:white_seat":2,"minecraft:jungle_sapling":3,"minecraft:spruce_slab":23,"minecraft:minecart":41,"minecraft:chest":2,"minecraft:egg":17,"psychadelic:sodiumcarbonate":38,"minecraft:oak_door":5,"minecraft:spruce_fence":1,"minecraft:carrot":12,"minecraft:redstone":917,"create:vertical_gearbox":3,"psychadelic:rubber_tree_sapling":17,"minecraft:diamond_chestplate":4,"minecraft:beetroot_seeds":3,"minecraft:diamond_boots":4,"minecraft:hay_block":31,"minecraft:gold_ingot":36,"minecraft:glow_berries":22,"minecraft:mutton":98,"minecraft:bone_block":92,"minecraft:white_wool":87,"minecraft:rail":355,"create:iron_sheet":23,"minecraft:oak_log":223,"minecraft:paper":3,"minecraft:stone_bricks":17,"minecraft:apple":20,"minecraft:stone_pickaxe":3,"minecraft:iron_sword":4,"psychadelic:sulfur":9,"minecraft:smooth_basalt":3,"minecraft:dark_oak_slab":2,"psychadelic:salvialeaf":22,"minecraft:gravel":65,"minecraft:spruce_sapling":383,"minecraft:spruce_log":3402,"psychadelic:coppercarbonate":35,"minecraft:leather_helmet":1,"travelersbackpack:standard":5,"biomesoplenty:mahogany_log":24,"minecraft:diamond_shovel":5,"minecraft:stone_axe":5,"smokeleafindustry:hemp_leaf":31,"minecraft:diamond_axe":9,"minecraft:gray_wool":3,"minecraft:melon_seeds":2,"minecraft:hopper":4,"minecraft:ender_pearl":16,"biomesoplenty:burning_blossom":1,"travelersbackpack:bat":4,"minecraft:nether_brick_fence":33,"smokeleafindustry:white_widow_bud":42,"minecraft:potion":1,"minecraft:raw_copper":3358,"minecraft:iron_leggings":6,"biomesoplenty:brimstone":44,"travelersbackpack:blaze":5,"create:mechanical_press":4,"minecraft:bucket":2,"minecraft:rose_bush":3,"minecraft:calcite":13,"minecraft:ender_eye":1,"minecraft:iron_pickaxe":5,"smokeleafindustry:white_widow_weed":4,"minecraft:furnace":16,"minecraft:iron_boots":5,"biomesoplenty:rose_quartz_block":1,"minecraft:stick":294,"minecraft:oak_fence":8,"minecraft:torch":142,"minecraft:porkchop":31,"minecraft:diorite":23,"create:large_cogwheel":1,"minecraft:rotten_flesh":131,"biomesoplenty:mahogany_sapling":2,"create:veridium":1,"minecraft:obsidian":34,"psychadelic:copper_oxide":45,"minecraft:blaze_powder":6,"minecraft:cobblestone":891,"minecraft:andesite":736,"minecraft:potato":2,"psychadelic:morning_glory_seeds":16,"minecraft:tuff":243,"create:raw_zinc":474,"psychadelic:copper_i_ichloridepulver":19,"minecraft:lapis_lazuli":185,"minecraft:dirt":893,"minecraft:name_tag":2,"minecraft:bone":57,"psychadelic:sodium_chloride":193,"minecraft:bow":3,"minecraft:wheat_seeds":51,"minecraft:raw_gold":34,"minecraft:bell":2,"minecraft:mossy_stone_bricks":3,"minecraft:fletching_table":2,"minecraft:powered_rail":7,"minecraft:oak_planks":392,"minecraft:stone_hoe":1,"smokeleafindustry:white_widow_seeds":30,"biomesoplenty:toadstool":6,"create:cogwheel":1,"minecraft:sand":109,"minecraft:jungle_planks":1,"minecraft:nether_brick_stairs":3,"minecraft:mossy_cobblestone":1,"minecraft:spruce_fence_gate":2,"minecraft:diamond":273,"minecraft:cracked_polished_blackstone_bricks":1,"minecraft:bone_meal":17,"minecraft:golden_apple":13,"minecraft:emerald":8,"minecraft:oak_sapling":82,"biomesoplenty:pink_daffodil":1,"minecraft:netherrack":1736,"create:white_sail":12,"minecraft:cocoa_beans":28,"minecraft:charcoal":2,"minecraft:chicken":22,"minecraft:ladder":3,"minecraft:brown_mushroom":1,"biomesoplenty:flesh":22,"minecraft:wooden_pickaxe":1,"minecraft:shield":7,"minecraft:moss_carpet":8,"minecraft:iron_axe":1,"minecraft:item_frame":1,"biomesoplenty:hellbark_sapling":5,"minecraft:blackstone":17,"minecraft:detector_rail":4,"biomesoplenty:wildflower":66,"minecraft:lectern":604,"minecraft:spruce_trapdoor":14,"minecraft:dark_oak_sapling":9,"minecraft:raw_iron":296,"minecraft:copper_ingot":29,"create:golden_sheet":6,"minecraft:polished_blackstone_bricks":1,"create:windmill_bearing":2,"create:hand_crank":2,"create:zinc_ingot":41,"minecraft:dark_oak_planks":2,"biomesoplenty:redwood_planks":51,"minecraft:arrow":45,"minecraft:pumpkin_pie":137,"minecraft:jungle_stairs":1,"minecraft:nether_bricks":97,"psychadelic:wet_cannabis_flower":35,"minecraft:basalt":1,"minecraft:glow_ink_sac":33,"minecraft:leather":92,"create:andesite_alloy":2,"minecraft:yellow_bed":18,"minecraft:gunpowder":70,"minecraft:cooked_mutton":7,"psychadelic:manganesedioxide":20,"psychadelic:latex":10,"minecraft:iron_ingot":159,"minecraft:soul_sand":34,"minecraft:book":1430,"minecraft:oak_slab":9,"create:large_water_wheel":1,"psychadelic:peyoteslice":3,"minecraft:quartz":890,"minecraft:dripstone_block":24,"minecraft:amethyst_shard":8,"biomesoplenty:porous_flesh":2,"minecraft:blast_furnace":9,"minecraft:white_bed":18,"minecraft:spider_eye":16,"biomesoplenty:bramble":12,"create:encased_fan":8,"minecraft:iron_helmet":4,"minecraft:black_wool":2,"minecraft:coal":1414},"minecraft:mined":{"minecraft:dark_oak_planks":3,"minecraft:white_bed":20,"create:andesite_casing":53,"travelersbackpack:blaze":5,"biomesoplenty:brimstone":41,"minecraft:obsidian":36,"biomesoplenty:burning_blossom":1,"minecraft:granite":42,"biomesoplenty:bramble":9,"minecraft:jungle_log":56,"biomesoplenty:eyebulb":1,"minecraft:hopper":4,"minecraft:nether_wart":8,"minecraft:spawner":5,"minecraft:polished_blackstone_bricks":1,"minecraft:tall_seagrass":5,"minecraft:fire":33,"minecraft:cobbled_deepslate":80,"minecraft:fletching_table":2,"minecraft:deepslate_lapis_ore":8,"biomesoplenty:hellbark_log":50,"minecraft:nether_brick_stairs":3,"biomesoplenty:redwood_log":14,"minecraft:water_cauldron":4,"minecraft:dirt_path":72,"biomesoplenty:webbing":6,"create:veridium":1,"create:mechanical_press":3,"create:limestone":12,"create:cogwheel":1,"psychadelic:coppercarbonateore":33,"minecraft:smoker":1,"psychadelic:rubber_tree_log":12,"biomesoplenty:blackstone_spines":2,"biomesoplenty:brimstone_fumarole":1,"minecraft:torch":7,"minecraft:blast_furnace":9,"minecraft:melon":15,"create:scoria":1,"minecraft:glass":5,"minecraft:amethyst_block":40,"minecraft:white_terracotta":1,"psychadelic:sulfurore":10,"minecraft:mud":2,"biomesoplenty:glowworm_silk_strand":1,"minecraft:grass":283,"minecraft:infested_mossy_stone_bricks":1,"create:hand_crank":1,"minecraft:smooth_basalt":3,"minecraft:deepslate":1714,"create:zinc_ore":95,"minecraft:mossy_cobblestone":1,"biomesoplenty:desert_grass":51,"minecraft:dark_oak_log":71,"minecraft:nether_bricks":99,"psychadelic:copper_i_ichloride":16,"minecraft:spruce_fence":1,"minecraft:jungle_planks":7,"psychadelic:oil":4,"minecraft:redstone_wire":1,"create:encased_fan":4,"travelersbackpack:bat":4,"minecraft:redstone_ore":3,"create:shaft":4,"minecraft:andesite":727,"biomesoplenty:flesh":16,"biomesoplenty:high_grass":14,"biomesoplenty:brimstone_bud":2,"minecraft:vine":3,"minecraft:rail":299,"create:andesite_encased_large_cogwheel":1,"biomesoplenty:rose_quartz_cluster":1,"minecraft:bone_block":92,"minecraft:white_wool":13,"minecraft:smithing_table":2,"biomesoplenty:porous_flesh":2,"minecraft:oak_slab":2,"create:white_seat":1,"biomesoplenty:redwood_planks":2,"minecraft:hanging_roots":1,"minecraft:soul_sand":34,"minecraft:campfire":1,"biomesoplenty:high_grass_plant":13,"minecraft:tall_grass":15,"minecraft:copper_ore":116,"minecraft:deepslate_gold_ore":15,"minecraft:diorite":15,"psychadelic:sodium_chlorideore":168,"create:gearbox":2,"travelersbackpack:pig":11,"minecraft:white_carpet":2,"minecraft:spruce_log":3440,"psychadelic:sodiumcarbonateore":38,"minecraft:gravel":56,"minecraft:dripstone_block":22,"biomesoplenty:stringy_cobweb":1,"minecraft:cobweb":14,"minecraft:spruce_fence_gate":2,"minecraft:stone_bricks":15,"minecraft:fern":15,"create:deepslate_zinc_ore":70,"minecraft:spruce_planks":150,"minecraft:jungle_slab":1,"minecraft:brewing_stand":1,"minecraft:spruce_trapdoor":14,"minecraft:budding_amethyst":2,"smokeleafindustry:white_widow_crop":26,"minecraft:grass_block":446,"biomesoplenty:rose_quartz_block":1,"psychadelic:hawaiianbabywoodroseplant":4,"minecraft:cracked_polished_blackstone_bricks":1,"psychadelic:magic_mushroomplant":2,"minecraft:composter":8,"biomesoplenty:blackstone_bulb":6,"biomesoplenty:bramble_leaves":1,"minecraft:iron_ore":187,"minecraft:anvil":2,"minecraft:dark_oak_stairs":2,"minecraft:iron_bars":7,"minecraft:spruce_slab":27,"minecraft:deepslate_redstone_ore":96,"minecraft:blackstone":18,"biomesoplenty:glowing_moss_carpet":1,"biomesoplenty:wildflower":40,"biomesoplenty:hanging_cobweb_strand":2,"minecraft:jungle_stairs":3,"minecraft:calcite":14,"minecraft:chest":2,"minecraft:mushroom_stem":2,"minecraft:nether_quartz_ore":405,"minecraft:cobblestone":71,"minecraft:oak_planks":108,"minecraft:iron_door":11,"minecraft:wall_torch":18,"create:large_water_wheel":1,"minecraft:seagrass":3,"minecraft:dark_oak_slab":2,"biomesoplenty:hair":2,"psychadelic:weedplant":5,"minecraft:oak_log":136,"minecraft:sand":109,"minecraft:dirt":177,"minecraft:infested_cracked_stone_bricks":1,"minecraft:netherrack":2061,"create:crimsite":18,"minecraft:oak_leaves":81,"minecraft:tuff":160,"minecraft:deepslate_diamond_ore":66,"minecraft:oak_door":4,"psychadelic:copper_oxide_ore":40,"minecraft:glow_lichen":1,"minecraft:ladder":3,"biomesoplenty:bush":3,"create:ochrum":7,"minecraft:spruce_leaves":14,"minecraft:sandstone":1,"minecraft:hay_block":31,"minecraft:spruce_sapling":6,"minecraft:furnace":12,"biomesoplenty:toadstool":4,"psychadelic:manganesedioxideore":17,"create:white_sail":10,"minecraft:stripped_spruce_log":19,"create:windmill_bearing":2,"minecraft:peony":1,"minecraft:bell":2,"minecraft:nether_brick_fence":33,"minecraft:bookshelf":478,"minecraft:deepslate_iron_ore":17,"minecraft:stone":544,"biomesoplenty:spider_egg":1,"minecraft:podzol":136,"minecraft:infested_stone_bricks":2,"minecraft:basalt":1,"psychadelic:san_pedro_plant":9,"travelersbackpack:standard":5,"minecraft:oak_fence":2,"minecraft:crafting_table":17,"psychadelic:salviaplant":6,"psychadelic:rubbertreeleafes":123,"minecraft:rose_bush":4,"minecraft:lectern":604,"minecraft:deepslate_coal_ore":8,"biomesoplenty:sprout":2,"minecraft:lapis_ore":1,"minecraft:sculk":4,"psychadelic:morning_glory_plant":16,"biomesoplenty:mahogany_log":26,"biomesoplenty:pink_daffodil":1,"minecraft:yellow_bed":19,"minecraft:coal_ore":289,"minecraft:cocoa":1,"minecraft:cracked_stone_bricks":10,"minecraft:mossy_stone_bricks":3,"biomesoplenty:redwood_wood":1},"minecraft:crafted":{"minecraft:smooth_stone":3,"travelersbackpack:crafting_upgrade":1,"minecraft:blaze_powder":14,"minecraft:oak_pressure_plate":1,"minecraft:diamond_shovel":5,"minecraft:bookshelf":94,"minecraft:cooked_mutton":26,"minecraft:iron_bars":16,"smokeleafindustry:weed_cookie":8,"create:vertical_gearbox":1,"minecraft:quartz_block":1,"minecraft:glass":90,"minecraft:diamond_helmet":1,"minecraft:diamond_leggings":2,"create:mechanical_press":1,"create:cogwheel":9,"minecraft:glass_bottle":21,"minecraft:emerald":708,"minecraft:cooked_porkchop":7,"minecraft:diamond_axe":4,"travelersbackpack:lapis":1,"travelersbackpack:standard":1,"minecraft:smithing_table":1,"travelersbackpack:blaze":1,"minecraft:fletching_table":2,"minecraft:campfire":1,"create:encased_fan":4,"minecraft:lectern":49,"psychadelic:peyoteslice":4,"minecraft:stone_slab":6,"minecraft:iron_pickaxe":5,"minecraft:iron_block":4,"minecraft:gold_ingot":20,"create:large_cogwheel":4,"create:propeller":4,"minecraft:spruce_fence_gate":6,"minecraft:golden_carrot":30,"create:wrench":1,"minecraft:iron_nugget":406,"create:white_sail":36,"minecraft:bone_meal":225,"minecraft:spruce_fence":27,"travelersbackpack:blank_upgrade":4,"minecraft:white_carpet":6,"travelersbackpack:gold_tier_upgrade":1,"travelersbackpack:white_sleeping_bag":1,"minecraft:spruce_slab":168,"minecraft:stone_pickaxe":14,"minecraft:diamond_boots":1,"minecraft:redstone_block":59,"minecraft:dark_oak_planks":168,"create:windmill_bearing":1,"minecraft:wheat":279,"minecraft:coal_block":32,"psychadelic:chemistrybook":1,"minecraft:enchanting_table":1,"biomesoplenty:redwood_planks":52,"create:goggles":1,"minecraft:enchanted_book":12,"minecraft:orange_dye":1,"minecraft:gunpowder":8,"minecraft:iron_shovel":1,"minecraft:iron_leggings":1,"minecraft:white_bed":2,"create:shaft":24,"minecraft:grindstone":1,"minecraft:oak_planks":288,"smokeleafindustry:grinder":1,"minecraft:sand":64,"minecraft:stone":7,"minecraft:hopper":3,"minecraft:iron_boots":1,"minecraft:raw_copper":9,"minecraft:chest":25,"biomesoplenty:hellbark_planks":16,"minecraft:copper_block":94,"minecraft:rail":64,"minecraft:stone_hoe":1,"minecraft:ender_eye":6,"minecraft:smoker":1,"minecraft:oak_slab":18,"minecraft:item_frame":10,"travelersbackpack:iron_tier_upgrade":1,"psychadelic:pestleandmortar":1,"minecraft:crafting_table":10,"minecraft:spruce_planks":11896,"minecraft:wooden_pickaxe":3,"minecraft:iron_helmet":1,"psychadelic:magic_mushroom":4,"minecraft:hopper_minecart":1,"minecraft:brewing_stand":1,"minecraft:apple":4,"minecraft:spruce_trapdoor":34,"minecraft:dark_oak_slab":126,"minecraft:book":1,"minecraft:iron_chestplate":1,"minecraft:diamond_pickaxe":4,"create:water_wheel":1,"minecraft:shield":3,"minecraft:stick":21957,"create:white_seat":1,"minecraft:iron_ingot":257,"minecraft:stone_sword":2,"minecraft:oak_door":3,"minecraft:cookie":90,"minecraft:furnace":7,"minecraft:blast_furnace":1,"biomesoplenty:hellbark_boat":1,"minecraft:raw_copper_block":1,"minecraft:oak_trapdoor":4,"minecraft:flint_and_steel":2,"minecraft:iron_axe":10,"minecraft:iron_hoe":1,"travelersbackpack:diamond_tier_upgrade":1,"minecraft:minecart":2,"minecraft:cooked_beef":40,"create:andesite_alloy":216,"create:hand_crank":2,"minecraft:diamond_sword":1,"travelersbackpack:backpack_tank":4,"minecraft:iron_sword":1,"minecraft:bowl":4,"create:large_water_wheel":1,"minecraft:bucket":2,"minecraft:stone_axe":3,"minecraft:air":0,"minecraft:bread":433,"minecraft:jungle_planks":92,"minecraft:white_wool":1,"psychadelic:hawaiianbabywoodrosedust":4,"minecraft:anvil":1,"minecraft:pumpkin_pie":120,"minecraft:torch":208,"create:zinc_ingot":74,"minecraft:lapis_block":4,"minecraft:diamond_chestplate":1},"minecraft:dropped":{"minecraft:iron_sword":1,"minecraft:porkchop":3,"minecraft:lapis_lazuli":99,"minecraft:diamond":91,"minecraft:glow_berries":22,"minecraft:leather_helmet":1,"minecraft:emerald":3,"minecraft:dirt":1,"create:goggles":1,"minecraft:sand":10,"minecraft:iron_pickaxe":1,"minecraft:bone":1,"biomesoplenty:toadstool":6,"minecraft:stone_axe":1,"minecraft:cobbled_deepslate":685,"minecraft:rotten_flesh":34,"minecraft:oak_planks":1,"minecraft:blaze_powder":6,"biomesoplenty:wildflower":3,"minecraft:leather_boots":1,"psychadelic:san_pedro_stage_2":8,"biomesoplenty:mahogany_sapling":2,"minecraft:lectern":4,"minecraft:iron_ingot":115,"minecraft:wheat_seeds":13,"minecraft:dripstone_block":3,"minecraft:oak_fence":1,"minecraft:iron_helmet":1,"minecraft:cobblestone":1,"minecraft:book":1,"minecraft:granite":7,"minecraft:coal":708,"minecraft:golden_apple":6,"create:andesite_casing":11,"minecraft:gray_wool":1,"minecraft:rose_bush":3,"minecraft:potion":3,"smokeleafindustry:white_widow_bud":2,"minecraft:mud":2,"minecraft:iron_shovel":1,"create:raw_zinc":75,"minecraft:moss_carpet":3,"minecraft:stone_sword":2,"psychadelic:peyoteslice":3,"minecraft:chicken":2,"minecraft:iron_boots":2,"minecraft:diamond_sword":2,"minecraft:spruce_planks":36,"minecraft:diamond_pickaxe":2,"psychadelic:salvialeaf":8,"minecraft:spider_eye":2,"minecraft:bow":3,"minecraft:black_wool":1,"biomesoplenty:pink_daffodil":1,"minecraft:orange_dye":1,"minecraft:oak_log":41,"minecraft:jungle_planks":1,"minecraft:flint":6,"minecraft:mutton":12,"minecraft:amethyst_shard":4,"create:iron_sheet":1,"minecraft:gold_ingot":40,"minecraft:gravel":8,"biomesoplenty:bramble":4,"minecraft:gunpowder":28,"psychadelic:mushroom_block":1,"minecraft:arrow":3,"minecraft:powered_rail":4,"minecraft:quartz":6,"minecraft:netherrack":884,"create:andesite_alloy":1,"biomesoplenty:mahogany_log":24,"minecraft:bread":572,"psychadelic:wet_cannabis_flower":10,"minecraft:oak_slab":5,"minecraft:diorite":2,"minecraft:torch":2,"minecraft:iron_leggings":2,"minecraft:iron_axe":7,"minecraft:redstone":100,"create:shaft":2,"minecraft:nether_wart":46,"minecraft:blaze_rod":18,"minecraft:raw_copper":1666,"minecraft:raw_iron":18,"minecraft:iron_chestplate":1,"minecraft:andesite":4,"minecraft:oak_sapling":24,"minecraft:stone_pickaxe":10,"minecraft:wooden_pickaxe":1,"create:golden_sheet":1}},"DataVersion":3465}