{"stats":{"minecraft:dropped":{"minecraft:iron_sword":1,"biomesoplenty:pink_daffodil":1,"minecraft:oak_log":41,"minecraft:jungle_planks":1,"minecraft:mutton":12,"create:iron_sheet":1,"minecraft:sand":10,"minecraft:iron_pickaxe":1,"minecraft:bone":1,"minecraft:gold_ingot":5,"minecraft:gravel":7,"biomesoplenty:toadstool":6,"minecraft:stone_axe":1,"minecraft:cobbled_deepslate":8,"minecraft:rotten_flesh":10,"minecraft:oak_planks":1,"biomesoplenty:wildflower":1,"minecraft:arrow":3,"biomesoplenty:mahogany_sapling":2,"create:andesite_alloy":1,"biomesoplenty:mahogany_log":24,"minecraft:iron_ingot":6,"minecraft:bread":168,"minecraft:oak_slab":5,"minecraft:wheat_seeds":4,"create:andesite_casing":1,"minecraft:gray_wool":1,"minecraft:diorite":1,"minecraft:rose_bush":3,"minecraft:potion":3,"minecraft:iron_leggings":1,"minecraft:mud":2,"minecraft:moss_carpet":3,"minecraft:stone_sword":2,"minecraft:chicken":2,"minecraft:iron_boots":1,"minecraft:oak_sapling":20,"minecraft:spider_eye":2,"minecraft:stone_pickaxe":10,"minecraft:bow":3,"minecraft:wooden_pickaxe":1,"minecraft:black_wool":1},"minecraft:picked_up":{"minecraft:iron_chestplate":3,"smokeleafindustry:white_widow_bud":18,"minecraft:smithing_table":2,"minecraft:potion":1,"minecraft:brewing_stand":1,"minecraft:music_disc_cat":1,"minecraft:string":27,"minecraft:raw_copper":20,"create:limestone":13,"minecraft:iron_leggings":5,"create:mechanical_press":2,"minecraft:cobbled_deepslate":185,"minecraft:spruce_planks":78,"minecraft:rose_bush":3,"minecraft:calcite":1,"minecraft:iron_pickaxe":5,"smokeleafindustry:white_widow_weed":4,"minecraft:melon_slice":153,"minecraft:furnace":12,"minecraft:iron_boots":4,"minecraft:stick":71,"minecraft:composter":1,"minecraft:oak_fence":1,"minecraft:torch":14,"create:andesite_casing":42,"minecraft:porkchop":15,"minecraft:diorite":5,"minecraft:cauldron":4,"smokeleafindustry:grinder":1,"minecraft:stone_sword":2,"minecraft:rotten_flesh":32,"biomesoplenty:mahogany_sapling":2,"create:veridium":1,"psychadelic:copper_oxide":36,"minecraft:cobblestone":373,"minecraft:feather":12,"minecraft:cooked_beef":23,"minecraft:andesite":722,"minecraft:water_bucket":1,"minecraft:jungle_log":53,"minecraft:flint":9,"minecraft:smoker":1,"psychadelic:morning_glory_seeds":16,"minecraft:tuff":7,"create:raw_zinc":10,"psychadelic:copper_i_ichloridepulver":17,"minecraft:lapis_lazuli":51,"minecraft:dirt":188,"minecraft:name_tag":1,"minecraft:bone":21,"psychadelic:sodium_chloride":131,"minecraft:bow":3,"minecraft:wheat_seeds":38,"minecraft:raw_gold":8,"minecraft:bell":2,"create:shaft":11,"minecraft:fletching_table":2,"minecraft:stone_hoe":1,"minecraft:oak_planks":305,"smokeleafindustry:white_widow_seeds":15,"biomesoplenty:toadstool":6,"create:cogwheel":1,"minecraft:jungle_planks":1,"minecraft:sand":42,"minecraft:mossy_cobblestone":1,"create:crimsite":19,"minecraft:diamond":3,"minecraft:granite":20,"minecraft:bone_meal":4,"minecraft:bread":84,"biomesoplenty:pink_daffodil":1,"minecraft:oak_sapling":74,"create:white_sail":12,"minecraft:diamond_pickaxe":4,"minecraft:charcoal":2,"minecraft:mud":2,"biomesoplenty:redwood_log":13,"minecraft:cocoa_beans":28,"minecraft:crafting_table":19,"minecraft:chicken":5,"minecraft:ladder":3,"minecraft:wooden_pickaxe":1,"psychadelic:hawaiian_baby_woodrose_seeds":8,"minecraft:shield":2,"minecraft:moss_carpet":8,"minecraft:iron_axe":1,"minecraft:white_carpet":4,"minecraft:iron_shovel":1,"travelersbackpack:pig":4,"minecraft:beef":54,"create:white_seat":2,"minecraft:jungle_sapling":3,"minecraft:minecart":9,"biomesoplenty:wildflower":49,"minecraft:spruce_trapdoor":14,"minecraft:egg":8,"minecraft:raw_iron":165,"psychadelic:sodiumcarbonate":36,"minecraft:oak_door":3,"create:golden_sheet":5,"create:windmill_bearing":2,"create:hand_crank":2,"minecraft:carrot":12,"create:vertical_gearbox":3,"psychadelic:rubber_tree_sapling":17,"biomesoplenty:redwood_planks":51,"minecraft:arrow":24,"minecraft:jungle_stairs":1,"minecraft:hay_block":31,"minecraft:mutton":94,"minecraft:rail":33,"minecraft:white_wool":81,"create:iron_sheet":5,"minecraft:leather":25,"minecraft:oak_log":205,"create:andesite_alloy":2,"minecraft:yellow_bed":12,"minecraft:gunpowder":14,"minecraft:paper":3,"minecraft:cooked_mutton":7,"psychadelic:manganesedioxide":11,"minecraft:apple":7,"psychadelic:latex":10,"minecraft:iron_ingot":44,"minecraft:stone_pickaxe":3,"minecraft:iron_sword":4,"psychadelic:sulfur":9,"minecraft:book":12,"minecraft:oak_slab":9,"create:large_water_wheel":1,"psychadelic:salvialeaf":4,"minecraft:gravel":53,"minecraft:spruce_sapling":26,"minecraft:blast_furnace":1,"minecraft:white_bed":18,"minecraft:spruce_log":366,"psychadelic:coppercarbonate":35,"minecraft:spider_eye":10,"biomesoplenty:mahogany_log":24,"minecraft:stone_axe":5,"smokeleafindustry:hemp_leaf":14,"minecraft:iron_helmet":4,"minecraft:gray_wool":3,"minecraft:black_wool":2,"minecraft:coal":110},"minecraft:mined":{"minecraft:dark_oak_planks":1,"minecraft:spruce_planks":82,"minecraft:white_bed":20,"minecraft:jungle_slab":1,"create:andesite_casing":33,"minecraft:brewing_stand":1,"minecraft:spruce_trapdoor":14,"minecraft:granite":19,"smokeleafindustry:white_widow_crop":11,"minecraft:grass_block":88,"psychadelic:hawaiianbabywoodroseplant":4,"minecraft:jungle_log":56,"minecraft:composter":1,"minecraft:spawner":1,"minecraft:tall_seagrass":5,"minecraft:iron_ore":159,"minecraft:cobbled_deepslate":32,"minecraft:fletching_table":2,"minecraft:deepslate_lapis_ore":6,"minecraft:dark_oak_stairs":2,"biomesoplenty:redwood_log":14,"minecraft:water_cauldron":4,"biomesoplenty:webbing":6,"create:veridium":1,"create:mechanical_press":2,"create:limestone":12,"create:cogwheel":1,"biomesoplenty:glowing_moss_carpet":1,"minecraft:smoker":1,"psychadelic:coppercarbonateore":33,"psychadelic:rubber_tree_log":12,"biomesoplenty:wildflower":27,"biomesoplenty:hanging_cobweb_strand":2,"minecraft:torch":1,"minecraft:jungle_stairs":3,"minecraft:blast_furnace":1,"minecraft:calcite":2,"minecraft:melon":15,"create:scoria":1,"minecraft:mushroom_stem":2,"minecraft:cobblestone":26,"minecraft:oak_planks":26,"create:large_water_wheel":1,"minecraft:seagrass":3,"psychadelic:sulfurore":10,"minecraft:mud":2,"biomesoplenty:glowworm_silk_strand":1,"minecraft:grass":207,"minecraft:oak_log":118,"create:hand_crank":1,"minecraft:sand":42,"minecraft:dirt":49,"create:crimsite":18,"create:zinc_ore":8,"minecraft:oak_leaves":58,"minecraft:deepslate":96,"minecraft:tuff":3,"minecraft:mossy_cobblestone":1,"minecraft:deepslate_diamond_ore":3,"minecraft:oak_door":3,"biomesoplenty:desert_grass":34,"psychadelic:copper_oxide_ore":35,"minecraft:glow_lichen":1,"minecraft:ladder":3,"psychadelic:copper_i_ichloride":15,"minecraft:jungle_planks":7,"create:ochrum":1,"psychadelic:oil":3,"minecraft:sandstone":1,"minecraft:hay_block":31,"create:shaft":4,"minecraft:furnace":9,"biomesoplenty:toadstool":4,"psychadelic:manganesedioxideore":9,"create:white_sail":10,"minecraft:andesite":723,"create:windmill_bearing":2,"minecraft:peony":1,"minecraft:bell":2,"minecraft:bookshelf":4,"biomesoplenty:high_grass":14,"minecraft:deepslate_iron_ore":6,"minecraft:vine":3,"minecraft:rail":33,"biomesoplenty:spider_egg":1,"minecraft:stone":315,"minecraft:white_wool":13,"minecraft:smithing_table":2,"minecraft:oak_slab":2,"create:white_seat":1,"biomesoplenty:redwood_planks":2,"minecraft:hanging_roots":1,"minecraft:oak_fence":1,"minecraft:crafting_table":15,"psychadelic:salviaplant":1,"psychadelic:rubbertreeleafes":123,"minecraft:rose_bush":4,"minecraft:campfire":1,"biomesoplenty:high_grass_plant":13,"minecraft:tall_grass":12,"minecraft:copper_ore":6,"minecraft:deepslate_gold_ore":8,"biomesoplenty:sprout":1,"minecraft:lapis_ore":1,"minecraft:diorite":5,"psychadelic:morning_glory_plant":16,"psychadelic:sodium_chlorideore":132,"biomesoplenty:mahogany_log":26,"create:gearbox":2,"travelersbackpack:pig":3,"biomesoplenty:pink_daffodil":1,"minecraft:white_carpet":2,"minecraft:spruce_log":334,"minecraft:yellow_bed":13,"minecraft:coal_ore":65,"psychadelic:sodiumcarbonateore":36,"minecraft:cocoa":1,"minecraft:gravel":50,"minecraft:dripstone_block":1,"biomesoplenty:stringy_cobweb":1,"biomesoplenty:redwood_wood":1,"minecraft:fern":14},"minecraft:killed":{"minecraft:cave_spider":2,"minecraft:spider":8,"minecraft:skeleton":15,"minecraft:chicken":3,"minecraft:pig":3,"minecraft:iron_golem":1,"minecraft:creeper":1,"minecraft:sheep":39,"minecraft:zombie":27,"minecraft:cow":28,"minecraft:frog":1,"minecraft:villager":4},"minecraft:broken":{"minecraft:stone_axe":1,"minecraft:iron_sword":1,"minecraft:shield":1,"minecraft:iron_axe":2,"minecraft:iron_pickaxe":1},"minecraft:used":{"minecraft:iron_shovel":160,"minecraft:chest":4,"minecraft:shield":72,"minecraft:iron_sword":232,"minecraft:bell":2,"minecraft:mutton":1,"create:white_sail":121,"create:cogwheel":13,"travelersbackpack:pig":4,"minecraft:carrot":24,"minecraft:glass":16,"minecraft:iron_helmet":1,"create:shaft":8,"minecraft:oak_sapling":1,"minecraft:furnace":10,"minecraft:egg":4,"minecraft:diorite":3,"minecraft:oak_planks":101,"minecraft:stone_pickaxe":193,"minecraft:wooden_pickaxe":14,"minecraft:white_wool":13,"minecraft:sand":6,"minecraft:blast_furnace":2,"psychadelic:rubber_tree_sapling":3,"minecraft:melon_slice":39,"minecraft:bread":12,"minecraft:oak_pressure_plate":1,"create:andesite_casing":45,"minecraft:gravel":9,"create:white_seat":2,"minecraft:smithing_table":3,"minecraft:andesite":65,"create:vertical_gearbox":5,"minecraft:oak_fence":1,"minecraft:bone_meal":39,"psychadelic:magic_mushroom":3,"create:large_cogwheel":7,"minecraft:oak_trapdoor":4,"create:limestone":4,"minecraft:stone_sword":81,"smokeleafindustry:white_widow_seeds":13,"biomesoplenty:redwood_planks":5,"minecraft:spruce_planks":157,"minecraft:stone_hoe":51,"minecraft:oak_door":3,"minecraft:torch":37,"minecraft:dirt":148,"minecraft:anvil":1,"minecraft:white_carpet":6,"minecraft:granite":8,"minecraft:iron_hoe":5,"create:wrench":161,"minecraft:iron_axe":666,"minecraft:iron_boots":1,"minecraft:minecart":9,"minecraft:cooked_beef":36,"minecraft:cobbled_deepslate":111,"minecraft:calcite":1,"minecraft:cooked_mutton":28,"minecraft:water_bucket":17,"minecraft:glass_bottle":3,"minecraft:fletching_table":4,"minecraft:rail":49,"minecraft:oak_slab":6,"minecraft:crafting_table":17,"minecraft:white_bed":17,"minecraft:campfire":1,"biomesoplenty:wildflower":5,"minecraft:spruce_log":73,"minecraft:smoker":1,"minecraft:diamond_pickaxe":1198,"minecraft:apple":5,"create:mechanical_press":5,"create:windmill_bearing":5,"minecraft:iron_pickaxe":561,"minecraft:spruce_trapdoor":21,"minecraft:spruce_sapling":16,"create:large_water_wheel":1,"minecraft:stone_axe":304,"minecraft:cobblestone":233,"minecraft:cooked_porkchop":7,"minecraft:bucket":17,"minecraft:yellow_bed":8,"create:hand_crank":3,"smokeleafindustry:weed_cookie":4},"minecraft:custom":{"minecraft:interact_with_crafting_table":101,"minecraft:bell_ring":138,"minecraft:leave_game":9,"minecraft:time_since_death":176803,"minecraft:sprint_one_cm":1126521,"minecraft:damage_blocked_by_shield":5430,"minecraft:drop":74,"minecraft:talked_to_villager":51,"minecraft:play_time":464560,"minecraft:deaths":7,"minecraft:jump":7963,"minecraft:walk_on_water_one_cm":18896,"minecraft:interact_with_furnace":82,"minecraft:traded_with_villager":70,"minecraft:sleep_in_bed":26,"minecraft:damage_dealt":18509,"minecraft:crouch_one_cm":43047,"minecraft:interact_with_smoker":7,"minecraft:interact_with_anvil":1,"minecraft:mob_kills":133,"minecraft:interact_with_campfire":4,"minecraft:climb_one_cm":3342,"minecraft:walk_one_cm":758361,"minecraft:sneak_time":17459,"minecraft:walk_under_water_one_cm":26455,"minecraft:interact_with_blast_furnace":26,"minecraft:total_world_time":464560,"minecraft:time_since_rest":7803,"minecraft:damage_taken":7618,"minecraft:swim_one_cm":67918,"minecraft:fly_one_cm":1698904,"minecraft:open_chest":243,"minecraft:fall_one_cm":240491},"minecraft:crafted":{"minecraft:oak_planks":252,"minecraft:smooth_stone":3,"smokeleafindustry:grinder":1,"minecraft:oak_pressure_plate":1,"minecraft:stone":3,"minecraft:cooked_mutton":26,"minecraft:iron_bars":16,"smokeleafindustry:weed_cookie":8,"create:vertical_gearbox":1,"minecraft:glass":26,"minecraft:iron_boots":1,"create:mechanical_press":1,"minecraft:chest":4,"minecraft:rail":32,"minecraft:stone_hoe":1,"create:cogwheel":9,"minecraft:smoker":1,"minecraft:glass_bottle":3,"minecraft:oak_slab":18,"minecraft:cooked_porkchop":7,"minecraft:emerald":59,"psychadelic:pestleandmortar":1,"minecraft:crafting_table":3,"minecraft:spruce_planks":988,"minecraft:wooden_pickaxe":3,"minecraft:iron_helmet":1,"minecraft:smithing_table":1,"minecraft:fletching_table":2,"minecraft:campfire":1,"minecraft:spruce_trapdoor":8,"minecraft:iron_chestplate":1,"minecraft:book":1,"minecraft:diamond_pickaxe":1,"create:water_wheel":1,"minecraft:shield":2,"minecraft:stick":1840,"create:white_seat":1,"minecraft:iron_ingot":148,"minecraft:iron_pickaxe":5,"minecraft:iron_block":4,"minecraft:stone_sword":2,"minecraft:gold_ingot":8,"create:large_cogwheel":4,"minecraft:oak_door":3,"create:wrench":1,"minecraft:iron_nugget":172,"create:white_sail":36,"minecraft:furnace":7,"minecraft:blast_furnace":1,"minecraft:bone_meal":48,"minecraft:white_carpet":6,"minecraft:oak_trapdoor":4,"minecraft:iron_axe":3,"minecraft:iron_hoe":1,"minecraft:stone_pickaxe":14,"create:windmill_bearing":1,"minecraft:minecart":1,"minecraft:wheat":279,"minecraft:cooked_beef":40,"psychadelic:chemistrybook":1,"create:andesite_alloy":99,"create:hand_crank":2,"biomesoplenty:redwood_planks":52,"minecraft:iron_sword":1,"minecraft:bowl":4,"create:goggles":1,"create:large_water_wheel":1,"minecraft:bucket":1,"minecraft:stone_axe":3,"minecraft:enchanted_book":1,"minecraft:bread":85,"minecraft:air":0,"minecraft:jungle_planks":12,"minecraft:white_wool":1,"psychadelic:hawaiianbabywoodrosedust":4,"minecraft:iron_shovel":1,"minecraft:iron_leggings":1,"minecraft:anvil":1,"minecraft:white_bed":2,"create:shaft":24,"minecraft:torch":64},"minecraft:killed_by":{"minecraft:creeper":1,"minecraft:enderman":1,"minecraft:iron_golem":2,"minecraft:skeleton":3}},"DataVersion":3465}