{"stats":{"minecraft:dropped":{"minecraft:wheat_seeds":1},"minecraft:used":{"minecraft:oak_sapling":3},"minecraft:mined":{"minecraft:short_grass":92,"minecraft:tall_grass":18,"minecraft:oak_leaves":35},"minecraft:picked_up":{"minecraft:oak_sapling":3,"minecraft:wheat_seeds":7},"minecraft:custom":{"minecraft:jump":339,"minecraft:time_since_rest":396,"minecraft:deaths":2,"minecraft:sprint_one_cm":35141,"minecraft:leave_game":2,"minecraft:play_time":13227,"minecraft:damage_taken":430,"minecraft:time_since_death":0,"minecraft:walk_one_cm":20477,"minecraft:total_world_time":13227,"minecraft:drop":1,"minecraft:fall_one_cm":13791,"minecraft:fly_one_cm":75650}},"DataVersion":3955}