{"stats":{"minecraft:picked_up":{"minecraft:cocoa_beans":21,"minecraft:crafting_table":9,"minecraft:feather":4,"minecraft:chicken":3,"minecraft:andesite":1,"minecraft:jungle_log":33,"minecraft:leather":7,"minecraft:wooden_pickaxe":1,"psychadelic:morning_glory_seeds":16,"psychadelic:hawaiian_baby_woodrose_seeds":4,"minecraft:oak_log":112,"minecraft:string":6,"minecraft:dirt":28,"minecraft:moss_carpet":5,"minecraft:raw_copper":20,"minecraft:cooked_mutton":1,"minecraft:apple":5,"minecraft:wheat_seeds":5,"minecraft:beef":20,"minecraft:stone_pickaxe":1,"create:white_seat":1,"minecraft:rose_bush":3,"minecraft:jungle_sapling":2,"minecraft:melon_slice":63,"minecraft:egg":4,"minecraft:furnace":4,"biomesoplenty:toadstool":6,"minecraft:stick":30,"minecraft:raw_iron":36,"psychadelic:salvialeaf":2,"minecraft:jungle_planks":1,"minecraft:sand":3,"minecraft:porkchop":8,"minecraft:white_bed":2,"minecraft:spider_eye":3,"minecraft:rotten_flesh":2,"minecraft:stone_axe":1,"minecraft:granite":3,"minecraft:gray_wool":2,"create:veridium":1,"biomesoplenty:pink_daffodil":1,"minecraft:oak_sapling":50,"minecraft:black_wool":1,"minecraft:mutton":42,"minecraft:coal":43,"minecraft:white_wool":19,"minecraft:cobblestone":70},"minecraft:dropped":{"biomesoplenty:toadstool":6,"minecraft:wheat_seeds":1,"biomesoplenty:pink_daffodil":1,"minecraft:rotten_flesh":2,"minecraft:jungle_planks":1,"minecraft:rose_bush":3,"minecraft:potion":2,"minecraft:wooden_pickaxe":1},"minecraft:mined":{"create:white_seat":1,"minecraft:white_bed":2,"minecraft:hanging_roots":1,"minecraft:crafting_table":8,"minecraft:granite":3,"minecraft:grass_block":8,"psychadelic:hawaiianbabywoodroseplant":4,"minecraft:melon":9,"psychadelic:salviaplant":1,"minecraft:jungle_log":34,"minecraft:rose_bush":4,"biomesoplenty:high_grass_plant":13,"minecraft:tall_grass":1,"minecraft:copper_ore":6,"psychadelic:morning_glory_plant":16,"minecraft:seagrass":2,"minecraft:tall_seagrass":4,"minecraft:furnace":3,"biomesoplenty:toadstool":4,"minecraft:iron_ore":36,"biomesoplenty:pink_daffodil":1,"minecraft:andesite":1,"minecraft:grass":20,"minecraft:oak_log":113,"minecraft:coal_ore":42,"biomesoplenty:high_grass":14,"minecraft:vine":3,"minecraft:sand":3,"minecraft:dirt":19,"minecraft:stone":67,"create:veridium":1,"minecraft:oak_leaves":12,"minecraft:fern":11},"minecraft:killed":{"minecraft:pig":3,"minecraft:spider":3,"minecraft:sheep":22,"minecraft:zombie":3,"minecraft:chicken":3,"minecraft:cow":8},"minecraft:used":{"minecraft:cooked_mutton":10,"minecraft:stone_sword":70,"minecraft:glass_bottle":3,"minecraft:stone_pickaxe":178,"minecraft:wooden_pickaxe":14,"minecraft:torch":5,"minecraft:dirt":24,"minecraft:crafting_table":8,"minecraft:white_bed":3,"minecraft:apple":3,"minecraft:melon_slice":15,"minecraft:iron_pickaxe":30,"minecraft:oak_pressure_plate":1,"create:white_seat":1,"minecraft:stone_axe":180,"minecraft:cobblestone":10,"minecraft:furnace":3,"minecraft:cooked_beef":2},"minecraft:custom":{"minecraft:interact_with_furnace":20,"minecraft:mob_kills":42,"minecraft:interact_with_crafting_table":21,"minecraft:leave_game":2,"minecraft:time_since_death":30178,"minecraft:sleep_in_bed":4,"minecraft:climb_one_cm":2511,"minecraft:time_since_rest":586,"minecraft:sprint_one_cm":219118,"minecraft:damage_taken":1300,"minecraft:walk_one_cm":117898,"minecraft:drop":10,"minecraft:damage_dealt":4553,"minecraft:swim_one_cm":9351,"minecraft:fly_one_cm":410972,"minecraft:crouch_one_cm":3500,"minecraft:play_time":58573,"minecraft:deaths":2,"minecraft:sneak_time":1681,"minecraft:walk_under_water_one_cm":259,"minecraft:jump":1709,"minecraft:walk_on_water_one_cm":867,"minecraft:total_world_time":58573,"minecraft:fall_one_cm":44923},"minecraft:crafted":{"minecraft:cooked_beef":10,"minecraft:glass_bottle":3,"minecraft:oak_slab":6,"minecraft:oak_planks":56,"minecraft:crafting_table":3,"minecraft:oak_pressure_plate":1,"minecraft:wooden_pickaxe":3,"minecraft:furnace":3,"minecraft:stone_axe":3,"minecraft:cooked_mutton":16,"minecraft:air":0,"minecraft:jungle_planks":12,"minecraft:glass":3,"minecraft:stick":20,"create:white_seat":1,"minecraft:iron_ingot":3,"minecraft:iron_pickaxe":1,"minecraft:stone_pickaxe":3,"minecraft:stone_sword":2,"minecraft:white_bed":2,"minecraft:torch":20},"minecraft:killed_by":{"minecraft:skeleton":1,"minecraft:enderman":1}},"DataVersion":3465}