{"stats":{"minecraft:dropped":{"minecraft:iron_sword":1,"minecraft:lapis_lazuli":72,"minecraft:diamond":87,"minecraft:emerald":3,"minecraft:dirt":1,"minecraft:sand":10,"create:goggles":1,"minecraft:iron_pickaxe":1,"minecraft:bone":1,"biomesoplenty:toadstool":6,"minecraft:stone_axe":1,"minecraft:cobbled_deepslate":685,"minecraft:rotten_flesh":31,"minecraft:oak_planks":1,"biomesoplenty:wildflower":3,"minecraft:leather_boots":1,"biomesoplenty:mahogany_sapling":2,"minecraft:iron_ingot":104,"minecraft:wheat_seeds":8,"minecraft:dripstone_block":3,"minecraft:oak_fence":1,"minecraft:iron_helmet":1,"minecraft:cobblestone":1,"minecraft:granite":7,"minecraft:coal":685,"create:andesite_casing":11,"minecraft:gray_wool":1,"minecraft:rose_bush":3,"minecraft:potion":3,"smokeleafindustry:white_widow_bud":2,"minecraft:mud":2,"minecraft:iron_shovel":1,"create:raw_zinc":75,"minecraft:moss_carpet":3,"minecraft:stone_sword":2,"minecraft:chicken":2,"minecraft:iron_boots":2,"minecraft:spruce_planks":36,"minecraft:diamond_pickaxe":2,"minecraft:spider_eye":2,"minecraft:bow":3,"minecraft:black_wool":1,"biomesoplenty:pink_daffodil":1,"minecraft:orange_dye":1,"minecraft:oak_log":41,"minecraft:jungle_planks":1,"minecraft:flint":6,"minecraft:mutton":12,"minecraft:amethyst_shard":4,"create:iron_sheet":1,"minecraft:gold_ingot":23,"minecraft:gravel":8,"biomesoplenty:bramble":4,"minecraft:gunpowder":28,"minecraft:arrow":3,"minecraft:powered_rail":4,"create:andesite_alloy":1,"biomesoplenty:mahogany_log":24,"minecraft:bread":572,"minecraft:oak_slab":5,"minecraft:diorite":2,"minecraft:torch":1,"minecraft:iron_leggings":2,"minecraft:iron_axe":7,"minecraft:redstone":94,"create:shaft":2,"minecraft:raw_copper":1666,"minecraft:raw_iron":18,"minecraft:iron_chestplate":1,"minecraft:andesite":4,"minecraft:oak_sapling":24,"minecraft:stone_pickaxe":10,"minecraft:wooden_pickaxe":1,"create:golden_sheet":1},"minecraft:picked_up":{"minecraft:iron_chestplate":4,"minecraft:anvil":2,"minecraft:smithing_table":2,"minecraft:diamond_sword":4,"minecraft:brewing_stand":1,"minecraft:amethyst_block":13,"minecraft:music_disc_cat":1,"minecraft:string":58,"create:limestone":13,"minecraft:diamond_leggings":3,"minecraft:gold_nugget":1,"minecraft:cobbled_deepslate":2754,"minecraft:spruce_planks":138,"minecraft:hopper_minecart":1,"minecraft:coal_block":63,"minecraft:melon_slice":153,"minecraft:composter":8,"create:andesite_casing":78,"minecraft:cauldron":4,"smokeleafindustry:grinder":1,"minecraft:stone_sword":3,"biomesoplenty:rose_quartz_chunk":2,"create:ochrum":6,"minecraft:white_terracotta":1,"minecraft:blaze_rod":29,"minecraft:feather":12,"minecraft:cooked_beef":23,"minecraft:water_bucket":5,"minecraft:jungle_log":53,"minecraft:smoker":1,"minecraft:flint":17,"create:goggles":6,"create:shaft":15,"minecraft:diamond_helmet":4,"minecraft:stripped_spruce_log":19,"minecraft:dark_oak_log":66,"biomesoplenty:hellbark_log":49,"create:crimsite":19,"minecraft:granite":51,"minecraft:bread":416,"minecraft:mud":2,"minecraft:diamond_pickaxe":10,"biomesoplenty:redwood_log":13,"minecraft:crafting_table":21,"minecraft:nether_wart":46,"psychadelic:hawaiian_baby_woodrose_seeds":8,"minecraft:white_carpet":4,"minecraft:iron_shovel":1,"travelersbackpack:pig":11,"minecraft:beef":89,"create:white_seat":2,"minecraft:jungle_sapling":3,"minecraft:minecart":21,"minecraft:chest":2,"minecraft:egg":9,"psychadelic:sodiumcarbonate":38,"minecraft:oak_door":4,"minecraft:carrot":12,"minecraft:redstone":911,"create:vertical_gearbox":3,"psychadelic:rubber_tree_sapling":17,"minecraft:diamond_chestplate":4,"minecraft:diamond_boots":4,"minecraft:hay_block":31,"minecraft:gold_ingot":18,"minecraft:mutton":94,"minecraft:rail":228,"minecraft:bone_block":9,"minecraft:white_wool":81,"create:iron_sheet":23,"minecraft:oak_log":210,"minecraft:paper":3,"minecraft:apple":20,"minecraft:stone_pickaxe":3,"minecraft:iron_sword":4,"psychadelic:sulfur":9,"minecraft:smooth_basalt":3,"psychadelic:salvialeaf":4,"minecraft:gravel":58,"minecraft:spruce_sapling":220,"minecraft:spruce_log":1946,"psychadelic:coppercarbonate":35,"biomesoplenty:mahogany_log":24,"minecraft:diamond_shovel":5,"minecraft:stone_axe":5,"smokeleafindustry:hemp_leaf":24,"minecraft:diamond_axe":9,"minecraft:gray_wool":3,"minecraft:hopper":4,"minecraft:ender_pearl":8,"biomesoplenty:burning_blossom":1,"minecraft:nether_brick_fence":33,"smokeleafindustry:white_widow_bud":32,"minecraft:potion":1,"minecraft:raw_copper":3358,"minecraft:iron_leggings":6,"biomesoplenty:brimstone":44,"travelersbackpack:blaze":3,"create:mechanical_press":4,"minecraft:bucket":2,"minecraft:rose_bush":3,"minecraft:ender_eye":1,"minecraft:calcite":13,"minecraft:iron_pickaxe":5,"smokeleafindustry:white_widow_weed":4,"minecraft:furnace":16,"minecraft:iron_boots":5,"biomesoplenty:rose_quartz_block":1,"minecraft:stick":225,"minecraft:oak_fence":8,"minecraft:torch":119,"minecraft:porkchop":22,"minecraft:diorite":17,"minecraft:rotten_flesh":90,"biomesoplenty:mahogany_sapling":2,"create:veridium":1,"minecraft:obsidian":14,"psychadelic:copper_oxide":45,"minecraft:cobblestone":818,"minecraft:andesite":736,"minecraft:potato":1,"psychadelic:morning_glory_seeds":16,"minecraft:tuff":242,"create:raw_zinc":474,"psychadelic:copper_i_ichloridepulver":19,"minecraft:lapis_lazuli":151,"minecraft:dirt":370,"minecraft:name_tag":2,"minecraft:bone":44,"psychadelic:sodium_chloride":193,"minecraft:bow":3,"minecraft:wheat_seeds":45,"minecraft:raw_gold":34,"minecraft:bell":2,"minecraft:fletching_table":2,"minecraft:powered_rail":4,"minecraft:stone_hoe":1,"minecraft:oak_planks":376,"smokeleafindustry:white_widow_seeds":23,"biomesoplenty:toadstool":6,"create:cogwheel":1,"minecraft:jungle_planks":1,"minecraft:sand":109,"minecraft:nether_brick_stairs":3,"minecraft:mossy_cobblestone":1,"minecraft:diamond":267,"minecraft:cracked_polished_blackstone_bricks":1,"minecraft:bone_meal":17,"minecraft:golden_apple":6,"minecraft:emerald":8,"biomesoplenty:pink_daffodil":1,"minecraft:oak_sapling":79,"minecraft:netherrack":621,"create:white_sail":12,"minecraft:cocoa_beans":28,"minecraft:charcoal":2,"minecraft:chicken":5,"minecraft:ladder":3,"biomesoplenty:flesh":21,"minecraft:wooden_pickaxe":1,"minecraft:shield":7,"minecraft:moss_carpet":8,"minecraft:iron_axe":1,"minecraft:item_frame":1,"biomesoplenty:hellbark_sapling":5,"minecraft:blackstone":17,"minecraft:lectern":202,"biomesoplenty:wildflower":55,"minecraft:spruce_trapdoor":14,"minecraft:dark_oak_sapling":9,"minecraft:raw_iron":296,"minecraft:copper_ingot":29,"create:golden_sheet":6,"minecraft:polished_blackstone_bricks":1,"create:windmill_bearing":2,"create:hand_crank":2,"create:zinc_ingot":41,"minecraft:dark_oak_planks":2,"biomesoplenty:redwood_planks":51,"minecraft:arrow":36,"minecraft:pumpkin_pie":137,"minecraft:jungle_stairs":1,"minecraft:nether_bricks":97,"minecraft:basalt":1,"minecraft:glow_ink_sac":2,"minecraft:leather":48,"create:andesite_alloy":2,"minecraft:yellow_bed":15,"minecraft:gunpowder":69,"minecraft:cooked_mutton":7,"psychadelic:manganesedioxide":20,"psychadelic:latex":10,"minecraft:iron_ingot":147,"minecraft:soul_sand":34,"minecraft:book":12,"minecraft:oak_slab":9,"create:large_water_wheel":1,"minecraft:quartz":144,"minecraft:dripstone_block":24,"minecraft:amethyst_shard":8,"biomesoplenty:porous_flesh":2,"minecraft:blast_furnace":9,"minecraft:white_bed":18,"minecraft:spider_eye":13,"biomesoplenty:bramble":12,"create:encased_fan":8,"minecraft:iron_helmet":4,"minecraft:black_wool":2,"minecraft:coal":1391},"minecraft:mined":{"minecraft:dark_oak_planks":3,"minecraft:white_bed":20,"create:andesite_casing":49,"travelersbackpack:blaze":3,"biomesoplenty:brimstone":41,"minecraft:obsidian":16,"biomesoplenty:burning_blossom":1,"minecraft:granite":33,"biomesoplenty:bramble":9,"minecraft:jungle_log":56,"biomesoplenty:eyebulb":1,"minecraft:hopper":4,"minecraft:nether_wart":8,"minecraft:spawner":4,"minecraft:polished_blackstone_bricks":1,"minecraft:tall_seagrass":5,"minecraft:cobbled_deepslate":78,"minecraft:fire":33,"minecraft:fletching_table":2,"minecraft:deepslate_lapis_ore":8,"biomesoplenty:hellbark_log":50,"minecraft:nether_brick_stairs":3,"biomesoplenty:redwood_log":14,"minecraft:water_cauldron":4,"minecraft:dirt_path":14,"biomesoplenty:webbing":6,"create:veridium":1,"create:mechanical_press":3,"create:limestone":12,"create:cogwheel":1,"minecraft:smoker":1,"psychadelic:coppercarbonateore":33,"psychadelic:rubber_tree_log":12,"biomesoplenty:blackstone_spines":2,"biomesoplenty:brimstone_fumarole":1,"minecraft:torch":5,"minecraft:blast_furnace":8,"minecraft:melon":15,"create:scoria":1,"minecraft:glass":3,"minecraft:amethyst_block":13,"minecraft:white_terracotta":1,"psychadelic:sulfurore":10,"minecraft:mud":2,"biomesoplenty:glowworm_silk_strand":1,"minecraft:grass":250,"create:hand_crank":1,"minecraft:smooth_basalt":3,"minecraft:deepslate":1669,"create:zinc_ore":95,"minecraft:mossy_cobblestone":1,"biomesoplenty:desert_grass":44,"minecraft:dark_oak_log":71,"minecraft:nether_bricks":99,"psychadelic:copper_i_ichloride":16,"minecraft:jungle_planks":7,"psychadelic:oil":4,"minecraft:redstone_wire":1,"create:encased_fan":4,"minecraft:redstone_ore":3,"create:shaft":4,"minecraft:andesite":727,"biomesoplenty:flesh":15,"biomesoplenty:high_grass":14,"minecraft:vine":3,"biomesoplenty:brimstone_bud":2,"minecraft:rail":182,"biomesoplenty:rose_quartz_cluster":1,"minecraft:bone_block":9,"minecraft:white_wool":13,"minecraft:smithing_table":2,"biomesoplenty:porous_flesh":2,"minecraft:oak_slab":2,"create:white_seat":1,"biomesoplenty:redwood_planks":2,"minecraft:hanging_roots":1,"minecraft:soul_sand":34,"minecraft:campfire":1,"biomesoplenty:high_grass_plant":13,"minecraft:tall_grass":15,"minecraft:copper_ore":116,"minecraft:deepslate_gold_ore":15,"minecraft:diorite":9,"psychadelic:sodium_chlorideore":168,"create:gearbox":2,"travelersbackpack:pig":8,"minecraft:white_carpet":2,"minecraft:spruce_log":1984,"psychadelic:sodiumcarbonateore":38,"minecraft:gravel":55,"minecraft:dripstone_block":22,"biomesoplenty:stringy_cobweb":1,"minecraft:cobweb":1,"minecraft:fern":15,"create:deepslate_zinc_ore":70,"minecraft:spruce_planks":106,"minecraft:jungle_slab":1,"minecraft:brewing_stand":1,"minecraft:spruce_trapdoor":14,"minecraft:budding_amethyst":2,"smokeleafindustry:white_widow_crop":19,"minecraft:grass_block":230,"biomesoplenty:rose_quartz_block":1,"psychadelic:hawaiianbabywoodroseplant":4,"minecraft:cracked_polished_blackstone_bricks":1,"minecraft:composter":8,"biomesoplenty:blackstone_bulb":6,"biomesoplenty:bramble_leaves":1,"minecraft:iron_ore":187,"minecraft:anvil":2,"minecraft:dark_oak_stairs":2,"minecraft:deepslate_redstone_ore":96,"minecraft:blackstone":18,"biomesoplenty:glowing_moss_carpet":1,"biomesoplenty:wildflower":30,"biomesoplenty:hanging_cobweb_strand":2,"minecraft:jungle_stairs":3,"minecraft:calcite":14,"minecraft:chest":2,"minecraft:mushroom_stem":2,"minecraft:nether_quartz_ore":36,"minecraft:cobblestone":54,"minecraft:oak_planks":92,"minecraft:wall_torch":18,"create:large_water_wheel":1,"minecraft:seagrass":3,"biomesoplenty:hair":2,"minecraft:oak_log":123,"minecraft:sand":109,"minecraft:dirt":58,"minecraft:netherrack":778,"create:crimsite":18,"minecraft:oak_leaves":72,"minecraft:tuff":156,"minecraft:deepslate_diamond_ore":66,"minecraft:oak_door":4,"psychadelic:copper_oxide_ore":40,"minecraft:glow_lichen":1,"minecraft:ladder":3,"biomesoplenty:bush":2,"create:ochrum":7,"minecraft:spruce_leaves":8,"minecraft:sandstone":1,"minecraft:hay_block":31,"minecraft:spruce_sapling":1,"minecraft:furnace":12,"biomesoplenty:toadstool":4,"psychadelic:manganesedioxideore":17,"create:white_sail":10,"minecraft:stripped_spruce_log":19,"create:windmill_bearing":2,"minecraft:peony":1,"minecraft:bell":2,"minecraft:nether_brick_fence":33,"minecraft:bookshelf":4,"minecraft:deepslate_iron_ore":17,"biomesoplenty:spider_egg":1,"minecraft:stone":488,"minecraft:podzol":6,"minecraft:basalt":1,"minecraft:oak_fence":2,"minecraft:crafting_table":17,"psychadelic:salviaplant":1,"psychadelic:rubbertreeleafes":123,"minecraft:rose_bush":4,"minecraft:lectern":202,"minecraft:deepslate_coal_ore":8,"biomesoplenty:sprout":2,"minecraft:lapis_ore":1,"minecraft:sculk":4,"psychadelic:morning_glory_plant":16,"biomesoplenty:mahogany_log":26,"biomesoplenty:pink_daffodil":1,"minecraft:yellow_bed":16,"minecraft:coal_ore":289,"minecraft:cocoa":1,"biomesoplenty:redwood_wood":1},"minecraft:killed":{"minecraft:cave_spider":11,"minecraft:skeleton":25,"minecraft:chicken":3,"minecraft:magma_cube":1,"minecraft:iron_golem":1,"minecraft:zombie":66,"minecraft:cow":46,"minecraft:horse":1,"minecraft:frog":1,"minecraft:enderman":15,"minecraft:zombified_piglin":1,"minecraft:spider":14,"minecraft:piglin":2,"minecraft:pig":7,"minecraft:creeper":16,"minecraft:sheep":39,"minecraft:ghast":1,"minecraft:blaze":64,"minecraft:wither_skeleton":10,"minecraft:villager":5},"minecraft:broken":{"minecraft:diamond_pickaxe":1,"minecraft:iron_sword":1,"minecraft:shield":2,"minecraft:iron_axe":3,"minecraft:iron_pickaxe":1,"minecraft:stone_axe":1,"minecraft:diamond_axe":1},"minecraft:used":{"minecraft:chest":18,"create:white_sail":121,"minecraft:stripped_spruce_log":19,"create:shaft":8,"minecraft:furnace":13,"minecraft:oak_sapling":1,"minecraft:egg":5,"biomesoplenty:flesh":21,"minecraft:diorite":3,"minecraft:wooden_pickaxe":14,"minecraft:composter":8,"minecraft:cookie":90,"minecraft:golden_apple":2,"minecraft:sand":9,"minecraft:blast_furnace":9,"psychadelic:rubber_tree_sapling":3,"minecraft:lectern":206,"minecraft:oak_pressure_plate":1,"minecraft:diamond_sword":398,"minecraft:smithing_table":3,"psychadelic:magic_mushroom":3,"minecraft:oak_trapdoor":4,"create:limestone":4,"minecraft:stone_sword":81,"smokeleafindustry:white_widow_seeds":23,"minecraft:netherrack":505,"minecraft:torch":280,"minecraft:anvil":3,"minecraft:wheat":25,"create:wrench":161,"minecraft:iron_axe":769,"minecraft:smooth_basalt":2,"biomesoplenty:blood_bucket":26,"minecraft:cobbled_deepslate":714,"minecraft:calcite":6,"minecraft:wheat_seeds":25,"minecraft:water_bucket":65,"minecraft:fletching_table":4,"minecraft:rail":177,"create:encased_fan":4,"minecraft:oak_slab":6,"minecraft:crafting_table":21,"minecraft:campfire":1,"minecraft:white_bed":17,"minecraft:spruce_log":95,"minecraft:ender_eye":1,"minecraft:diamond_pickaxe":5276,"minecraft:diamond_shovel":302,"minecraft:iron_pickaxe":561,"minecraft:spruce_trapdoor":26,"minecraft:spruce_sapling":97,"minecraft:cobblestone":264,"minecraft:cooked_porkchop":7,"minecraft:iron_shovel":160,"minecraft:shield":91,"minecraft:white_terracotta":1,"minecraft:iron_sword":232,"biomesoplenty:bramble":8,"minecraft:bell":2,"minecraft:mutton":1,"create:cogwheel":13,"travelersbackpack:pig":8,"minecraft:nether_bricks":90,"minecraft:carrot":24,"minecraft:tuff":82,"minecraft:obsidian":10,"minecraft:glass":21,"minecraft:iron_helmet":1,"minecraft:hopper_minecart":1,"minecraft:item_frame":8,"minecraft:diamond_boots":1,"minecraft:stone_pickaxe":193,"minecraft:oak_planks":103,"minecraft:diamond_axe":2207,"minecraft:white_wool":13,"minecraft:dark_oak_log":24,"minecraft:bread":75,"minecraft:melon_slice":40,"create:andesite_casing":47,"minecraft:gravel":9,"create:white_seat":2,"minecraft:andesite":65,"create:vertical_gearbox":5,"minecraft:bone_meal":105,"create:large_cogwheel":7,"minecraft:oak_fence":2,"travelersbackpack:blaze":6,"biomesoplenty:brimstone":36,"minecraft:flint_and_steel":1,"biomesoplenty:redwood_planks":5,"minecraft:redstone":1,"minecraft:spruce_planks":244,"minecraft:stone_hoe":52,"minecraft:oak_door":3,"minecraft:dirt":334,"minecraft:white_carpet":6,"minecraft:hopper":6,"minecraft:diamond_helmet":2,"minecraft:granite":8,"minecraft:iron_hoe":5,"minecraft:dark_oak_planks":2,"minecraft:iron_boots":1,"minecraft:minecart":21,"minecraft:cooked_beef":36,"minecraft:cooked_mutton":28,"minecraft:glass_bottle":3,"biomesoplenty:wildflower":7,"minecraft:smoker":1,"minecraft:apple":5,"create:mechanical_press":5,"create:windmill_bearing":5,"minecraft:cracked_polished_blackstone_bricks":1,"create:large_water_wheel":1,"minecraft:stone_axe":304,"minecraft:bucket":99,"minecraft:yellow_bed":11,"minecraft:pumpkin_pie":102,"create:hand_crank":3,"smokeleafindustry:weed_cookie":4},"minecraft:custom":{"minecraft:interact_with_crafting_table":171,"minecraft:bell_ring":138,"minecraft:leave_game":19,"minecraft:time_since_death":136569,"minecraft:damage_blocked_by_shield":6893,"minecraft:play_time":1045908,"minecraft:deaths":12,"minecraft:jump":15911,"minecraft:interact_with_furnace":98,"minecraft:traded_with_villager":569,"minecraft:sleep_in_bed":39,"minecraft:damage_dealt":58067,"minecraft:interact_with_smoker":7,"minecraft:interact_with_smithing_table":3,"minecraft:interact_with_anvil":10,"minecraft:inspect_hopper":12,"minecraft:sneak_time":42264,"minecraft:interact_with_blast_furnace":80,"minecraft:total_world_time":1045908,"minecraft:time_since_rest":8350,"minecraft:swim_one_cm":95398,"minecraft:fly_one_cm":3469380,"minecraft:open_chest":856,"minecraft:fall_one_cm":459436,"minecraft:sprint_one_cm":2486258,"minecraft:drop":216,"minecraft:talked_to_villager":495,"minecraft:walk_on_water_one_cm":63921,"minecraft:crouch_one_cm":132042,"minecraft:mob_kills":331,"minecraft:interact_with_campfire":4,"minecraft:climb_one_cm":7910,"minecraft:walk_one_cm":1839708,"minecraft:walk_under_water_one_cm":35969,"minecraft:damage_taken":15630,"minecraft:damage_absorbed":80,"minecraft:minecart_one_cm":95},"minecraft:crafted":{"minecraft:smooth_stone":3,"travelersbackpack:crafting_upgrade":1,"minecraft:oak_pressure_plate":1,"minecraft:blaze_powder":14,"minecraft:diamond_shovel":5,"minecraft:bookshelf":6,"minecraft:cooked_mutton":26,"minecraft:iron_bars":16,"smokeleafindustry:weed_cookie":8,"create:vertical_gearbox":1,"minecraft:glass":89,"minecraft:diamond_helmet":1,"minecraft:diamond_leggings":2,"create:mechanical_press":1,"create:cogwheel":9,"minecraft:glass_bottle":3,"minecraft:emerald":439,"minecraft:cooked_porkchop":7,"minecraft:diamond_axe":2,"travelersbackpack:standard":1,"minecraft:smithing_table":1,"travelersbackpack:blaze":1,"minecraft:fletching_table":2,"minecraft:campfire":1,"create:encased_fan":4,"minecraft:lectern":5,"minecraft:iron_pickaxe":5,"minecraft:iron_block":4,"minecraft:gold_ingot":20,"create:large_cogwheel":4,"create:propeller":4,"create:wrench":1,"minecraft:iron_nugget":262,"create:white_sail":36,"minecraft:bone_meal":156,"minecraft:white_carpet":6,"travelersbackpack:blank_upgrade":4,"travelersbackpack:gold_tier_upgrade":1,"travelersbackpack:white_sleeping_bag":1,"minecraft:spruce_slab":12,"minecraft:stone_pickaxe":14,"minecraft:diamond_boots":1,"minecraft:redstone_block":59,"minecraft:dark_oak_planks":168,"create:windmill_bearing":1,"minecraft:wheat":279,"minecraft:coal_block":32,"psychadelic:chemistrybook":1,"biomesoplenty:redwood_planks":52,"create:goggles":1,"minecraft:enchanted_book":6,"minecraft:orange_dye":1,"minecraft:iron_shovel":1,"minecraft:iron_leggings":1,"minecraft:white_bed":2,"create:shaft":24,"minecraft:oak_planks":252,"smokeleafindustry:grinder":1,"minecraft:stone":3,"minecraft:hopper":3,"minecraft:iron_boots":1,"minecraft:raw_copper":9,"minecraft:chest":21,"biomesoplenty:hellbark_planks":16,"minecraft:copper_block":94,"minecraft:rail":64,"minecraft:stone_hoe":1,"minecraft:ender_eye":6,"minecraft:smoker":1,"minecraft:item_frame":7,"minecraft:oak_slab":18,"travelersbackpack:iron_tier_upgrade":1,"psychadelic:pestleandmortar":1,"minecraft:crafting_table":10,"minecraft:spruce_planks":7260,"minecraft:wooden_pickaxe":3,"minecraft:iron_helmet":1,"minecraft:hopper_minecart":1,"minecraft:apple":4,"minecraft:spruce_trapdoor":18,"minecraft:dark_oak_slab":126,"minecraft:iron_chestplate":1,"minecraft:book":1,"minecraft:diamond_pickaxe":4,"create:water_wheel":1,"minecraft:shield":3,"minecraft:stick":13642,"create:white_seat":1,"minecraft:iron_ingot":257,"minecraft:stone_sword":2,"minecraft:cookie":90,"minecraft:oak_door":3,"minecraft:furnace":7,"minecraft:blast_furnace":1,"biomesoplenty:hellbark_boat":1,"minecraft:raw_copper_block":1,"minecraft:oak_trapdoor":4,"minecraft:flint_and_steel":1,"minecraft:iron_axe":10,"minecraft:iron_hoe":1,"travelersbackpack:diamond_tier_upgrade":1,"minecraft:minecart":1,"minecraft:cooked_beef":40,"create:andesite_alloy":144,"create:hand_crank":2,"minecraft:diamond_sword":1,"travelersbackpack:backpack_tank":4,"minecraft:iron_sword":1,"minecraft:bowl":4,"create:large_water_wheel":1,"minecraft:bucket":2,"minecraft:stone_axe":3,"minecraft:air":0,"minecraft:bread":433,"minecraft:jungle_planks":92,"minecraft:white_wool":1,"psychadelic:hawaiianbabywoodrosedust":4,"minecraft:anvil":1,"minecraft:pumpkin_pie":120,"minecraft:torch":208,"create:zinc_ingot":74,"minecraft:diamond_chestplate":1},"minecraft:killed_by":{"minecraft:zombie_villager":1,"minecraft:zombie":1,"minecraft:creeper":3,"minecraft:enderman":1,"minecraft:iron_golem":2,"minecraft:skeleton":3}},"DataVersion":3465}