{"stats":{"minecraft:dropped":{"biomesoplenty:mahogany_log":24,"minecraft:oak_slab":5,"minecraft:wheat_seeds":4,"biomesoplenty:pink_daffodil":1,"minecraft:oak_log":41,"minecraft:jungle_planks":1,"minecraft:gray_wool":1,"minecraft:diorite":1,"minecraft:mutton":12,"minecraft:rose_bush":3,"minecraft:potion":3,"minecraft:iron_leggings":1,"minecraft:sand":10,"minecraft:mud":2,"minecraft:iron_pickaxe":1,"minecraft:bone":1,"minecraft:gravel":7,"biomesoplenty:toadstool":6,"minecraft:stone_axe":1,"minecraft:moss_carpet":3,"minecraft:stone_sword":2,"minecraft:cobbled_deepslate":7,"minecraft:chicken":2,"minecraft:rotten_flesh":10,"minecraft:iron_boots":1,"minecraft:oak_sapling":20,"minecraft:spider_eye":2,"minecraft:bow":3,"minecraft:arrow":3,"biomesoplenty:mahogany_sapling":2,"minecraft:wooden_pickaxe":1,"minecraft:black_wool":1},"minecraft:picked_up":{"minecraft:charcoal":2,"biomesoplenty:redwood_log":13,"minecraft:mud":2,"minecraft:cocoa_beans":21,"minecraft:iron_chestplate":2,"minecraft:crafting_table":19,"minecraft:ladder":3,"minecraft:chicken":5,"minecraft:wooden_pickaxe":1,"minecraft:potion":1,"psychadelic:hawaiian_baby_woodrose_seeds":8,"minecraft:brewing_stand":1,"minecraft:shield":1,"minecraft:music_disc_cat":1,"minecraft:string":24,"minecraft:moss_carpet":8,"minecraft:raw_copper":20,"create:limestone":4,"minecraft:iron_leggings":4,"travelersbackpack:pig":3,"minecraft:cobbled_deepslate":112,"minecraft:beef":54,"minecraft:rose_bush":3,"create:white_seat":2,"minecraft:jungle_sapling":2,"minecraft:iron_pickaxe":4,"minecraft:melon_slice":153,"minecraft:furnace":12,"minecraft:iron_boots":3,"minecraft:egg":8,"minecraft:raw_iron":97,"minecraft:stick":52,"psychadelic:sodiumcarbonate":36,"minecraft:oak_door":3,"minecraft:composter":1,"minecraft:torch":1,"minecraft:porkchop":15,"minecraft:diorite":1,"minecraft:carrot":12,"minecraft:cauldron":4,"biomesoplenty:redwood_planks":51,"minecraft:stone_sword":2,"minecraft:arrow":22,"minecraft:rotten_flesh":28,"minecraft:jungle_stairs":1,"biomesoplenty:mahogany_sapling":2,"create:veridium":1,"minecraft:mutton":94,"psychadelic:copper_oxide":33,"minecraft:white_wool":56,"minecraft:cobblestone":292,"minecraft:cooked_beef":4,"minecraft:feather":12,"minecraft:water_bucket":1,"minecraft:jungle_log":33,"minecraft:andesite":4,"minecraft:leather":25,"psychadelic:morning_glory_seeds":16,"minecraft:tuff":6,"minecraft:oak_log":205,"minecraft:yellow_bed":6,"psychadelic:copper_i_ichloridepulver":13,"minecraft:gunpowder":12,"minecraft:lapis_lazuli":51,"minecraft:dirt":42,"minecraft:paper":3,"minecraft:name_tag":1,"minecraft:cooked_mutton":7,"psychadelic:manganesedioxide":11,"minecraft:bone":13,"psychadelic:sodium_chloride":128,"minecraft:apple":7,"minecraft:bow":3,"minecraft:wheat_seeds":8,"minecraft:bell":1,"minecraft:iron_ingot":3,"minecraft:stone_pickaxe":3,"minecraft:iron_sword":3,"minecraft:oak_planks":283,"psychadelic:sulfur":9,"minecraft:book":12,"biomesoplenty:toadstool":6,"minecraft:oak_slab":5,"psychadelic:salvialeaf":4,"minecraft:gravel":16,"minecraft:sand":19,"minecraft:jungle_planks":1,"minecraft:spruce_sapling":7,"minecraft:spruce_log":35,"minecraft:white_bed":17,"psychadelic:coppercarbonate":33,"minecraft:spider_eye":9,"minecraft:mossy_cobblestone":1,"biomesoplenty:mahogany_log":24,"minecraft:diamond":3,"minecraft:stone_axe":5,"minecraft:iron_helmet":3,"minecraft:granite":8,"minecraft:gray_wool":3,"biomesoplenty:pink_daffodil":1,"minecraft:oak_sapling":71,"minecraft:black_wool":2,"minecraft:coal":92,"minecraft:diamond_pickaxe":3},"minecraft:mined":{"minecraft:dark_oak_planks":1,"minecraft:tuff":3,"minecraft:spruce_planks":4,"minecraft:white_bed":19,"minecraft:mossy_cobblestone":1,"minecraft:deepslate_diamond_ore":3,"minecraft:oak_door":3,"minecraft:jungle_slab":1,"biomesoplenty:desert_grass":1,"minecraft:brewing_stand":1,"minecraft:ladder":3,"psychadelic:copper_oxide_ore":32,"minecraft:glow_lichen":1,"minecraft:granite":7,"psychadelic:copper_i_ichloride":11,"minecraft:grass_block":11,"psychadelic:hawaiianbabywoodroseplant":4,"minecraft:jungle_planks":7,"minecraft:jungle_log":34,"create:ochrum":1,"psychadelic:oil":3,"minecraft:composter":1,"minecraft:sandstone":1,"minecraft:spawner":1,"minecraft:tall_seagrass":4,"minecraft:furnace":9,"biomesoplenty:toadstool":4,"psychadelic:manganesedioxideore":9,"minecraft:iron_ore":96,"minecraft:cobbled_deepslate":2,"minecraft:andesite":3,"minecraft:deepslate_lapis_ore":6,"minecraft:dark_oak_stairs":2,"minecraft:bell":1,"minecraft:water_cauldron":4,"minecraft:bookshelf":4,"biomesoplenty:redwood_log":14,"minecraft:deepslate_iron_ore":1,"biomesoplenty:high_grass":14,"minecraft:vine":3,"biomesoplenty:webbing":6,"biomesoplenty:spider_egg":1,"minecraft:stone":247,"create:veridium":1,"minecraft:white_wool":11,"create:limestone":5,"create:white_seat":1,"biomesoplenty:redwood_planks":2,"minecraft:hanging_roots":1,"biomesoplenty:glowing_moss_carpet":1,"psychadelic:coppercarbonateore":31,"biomesoplenty:hanging_cobweb_strand":2,"minecraft:torch":1,"minecraft:crafting_table":15,"minecraft:jungle_stairs":3,"minecraft:calcite":1,"create:scoria":1,"minecraft:melon":15,"psychadelic:salviaplant":1,"minecraft:rose_bush":4,"minecraft:campfire":1,"minecraft:mushroom_stem":2,"biomesoplenty:high_grass_plant":13,"minecraft:cobblestone":16,"minecraft:copper_ore":6,"minecraft:tall_grass":3,"biomesoplenty:sprout":1,"minecraft:lapis_ore":1,"minecraft:oak_planks":10,"minecraft:diorite":1,"psychadelic:morning_glory_plant":16,"minecraft:seagrass":2,"psychadelic:sulfurore":10,"travelersbackpack:pig":2,"biomesoplenty:glowworm_silk_strand":1,"minecraft:mud":2,"psychadelic:sodium_chlorideore":128,"biomesoplenty:mahogany_log":26,"biomesoplenty:pink_daffodil":1,"minecraft:spruce_log":35,"minecraft:yellow_bed":7,"minecraft:grass":34,"minecraft:coal_ore":47,"minecraft:oak_log":118,"psychadelic:sodiumcarbonateore":36,"minecraft:dripstone_block":1,"minecraft:gravel":6,"minecraft:dirt":29,"minecraft:sand":19,"biomesoplenty:stringy_cobweb":1,"biomesoplenty:redwood_wood":1,"minecraft:deepslate":70,"minecraft:oak_leaves":25,"minecraft:fern":14},"minecraft:killed":{"minecraft:cave_spider":2,"minecraft:spider":7,"minecraft:skeleton":11,"minecraft:chicken":3,"minecraft:pig":3,"minecraft:iron_golem":1,"minecraft:frog":1,"minecraft:creeper":1,"minecraft:sheep":39,"minecraft:zombie":22,"minecraft:villager":3,"minecraft:cow":28},"minecraft:broken":{"minecraft:shield":1,"minecraft:stone_axe":1,"minecraft:iron_pickaxe":1},"minecraft:used":{"create:limestone":4,"minecraft:stone_sword":81,"biomesoplenty:redwood_planks":5,"minecraft:chest":4,"minecraft:shield":54,"minecraft:iron_sword":226,"minecraft:bell":1,"minecraft:oak_door":3,"minecraft:torch":30,"minecraft:dirt":29,"minecraft:mutton":1,"travelersbackpack:pig":4,"minecraft:carrot":24,"minecraft:granite":3,"minecraft:iron_axe":54,"minecraft:iron_boots":1,"minecraft:furnace":9,"minecraft:egg":4,"minecraft:cooked_beef":8,"minecraft:cobbled_deepslate":50,"minecraft:cooked_mutton":28,"minecraft:water_bucket":12,"minecraft:oak_planks":91,"minecraft:glass_bottle":3,"minecraft:stone_pickaxe":193,"minecraft:wooden_pickaxe":14,"minecraft:white_wool":11,"minecraft:sand":6,"minecraft:blast_furnace":1,"minecraft:crafting_table":17,"minecraft:campfire":1,"minecraft:white_bed":14,"minecraft:smoker":1,"minecraft:diamond_pickaxe":122,"minecraft:apple":5,"minecraft:bread":2,"minecraft:melon_slice":39,"minecraft:iron_pickaxe":561,"minecraft:oak_pressure_plate":1,"minecraft:gravel":9,"create:white_seat":2,"minecraft:stone_axe":304,"minecraft:cobblestone":161,"minecraft:cooked_porkchop":7,"minecraft:andesite":1,"minecraft:bucket":13,"minecraft:yellow_bed":2},"minecraft:custom":{"minecraft:mob_kills":121,"minecraft:interact_with_crafting_table":49,"minecraft:interact_with_campfire":4,"minecraft:bell_ring":84,"minecraft:leave_game":2,"minecraft:time_since_death":10310,"minecraft:climb_one_cm":3019,"minecraft:sprint_one_cm":667879,"minecraft:walk_one_cm":354649,"minecraft:damage_blocked_by_shield":3480,"minecraft:drop":43,"minecraft:talked_to_villager":4,"minecraft:play_time":232573,"minecraft:deaths":6,"minecraft:sneak_time":7208,"minecraft:walk_under_water_one_cm":18837,"minecraft:jump":4947,"minecraft:interact_with_blast_furnace":2,"minecraft:walk_on_water_one_cm":15929,"minecraft:total_world_time":232573,"minecraft:interact_with_furnace":69,"minecraft:traded_with_villager":1,"minecraft:sleep_in_bed":10,"minecraft:time_since_rest":5678,"minecraft:damage_taken":5091,"minecraft:damage_dealt":16184,"minecraft:swim_one_cm":46740,"minecraft:fly_one_cm":1087186,"minecraft:open_chest":32,"minecraft:crouch_one_cm":15275,"minecraft:interact_with_smoker":6,"minecraft:fall_one_cm":153257},"minecraft:crafted":{"minecraft:smooth_stone":3,"minecraft:oak_door":3,"minecraft:oak_planks":252,"minecraft:oak_pressure_plate":1,"minecraft:blast_furnace":1,"minecraft:furnace":3,"minecraft:stone":3,"minecraft:cooked_mutton":26,"minecraft:glass":3,"minecraft:iron_boots":1,"minecraft:iron_axe":1,"minecraft:stone_pickaxe":4,"minecraft:chest":4,"minecraft:smoker":1,"minecraft:cooked_beef":40,"minecraft:glass_bottle":3,"minecraft:oak_slab":6,"psychadelic:chemistrybook":1,"minecraft:emerald":1,"minecraft:cooked_porkchop":7,"psychadelic:pestleandmortar":1,"minecraft:crafting_table":3,"biomesoplenty:redwood_planks":52,"minecraft:wooden_pickaxe":3,"minecraft:iron_helmet":1,"minecraft:bowl":4,"minecraft:iron_sword":1,"minecraft:bucket":1,"minecraft:campfire":1,"minecraft:stone_axe":3,"minecraft:bread":1,"minecraft:air":0,"minecraft:jungle_planks":12,"minecraft:book":1,"minecraft:white_wool":1,"minecraft:iron_chestplate":1,"minecraft:diamond_pickaxe":1,"minecraft:shield":2,"minecraft:stick":48,"create:white_seat":1,"minecraft:iron_ingot":37,"minecraft:iron_pickaxe":5,"minecraft:stone_sword":2,"psychadelic:hawaiianbabywoodrosedust":4,"minecraft:iron_leggings":1,"minecraft:white_bed":2,"minecraft:torch":44},"minecraft:killed_by":{"minecraft:enderman":1,"minecraft:iron_golem":2,"minecraft:skeleton":3}},"DataVersion":3465}